areaName,Borough,areaType,2010-01,2010-02,2010-03,2010-04,2010-05,2010-06,2010-07,2010-08,2010-09,2010-10,2010-11,2010-12,2011-01,2011-02,2011-03,2011-04,2011-05,2011-06,2011-07,2011-08,2011-09,2011-10,2011-11,2011-12,2012-01,2012-02,2012-03,2012-04,2012-05,2012-06,2012-07,2012-08,2012-09,2012-10,2012-11,2012-12,2013-01,2013-02,2013-03,2013-04,2013-05,2013-06,2013-07,2013-08,2013-09,2013-10,2013-11,2013-12,2014-01,2014-02,2014-03,2014-04,2014-05,2014-06,2014-07,2014-08,2014-09,2014-10,2014-11,2014-12,2015-01,2015-02,2015-03,2015-04,2015-05,2015-06,2015-07,2015-08,2015-09,2015-10,2015-11,2015-12,2016-01,2016-02,2016-03,2016-04,2016-05,2016-06,2016-07,2016-08,2016-09,2016-10,2016-11,2016-12,2017-01,2017-02,2017-03,2017-04,2017-05,2017-06,2017-07,2017-08,2017-09,2017-10,2017-11,2017-12,2018-01,2018-02,2018-03,2018-04,2018-05,2018-06,2018-07,2018-08,2018-09,2018-10,2018-11,2018-12,2019-01,2019-02,2019-03,2019-04,2019-05,2019-06,2019-07,2019-08,2019-09,2019-10,2019-11,2019-12,2020-01,2020-02,2020-03,2020-04,2020-05,2020-06,2020-07,2020-08,2020-09,2020-10,2020-11,2020-12,2021-01,2021-02,2021-03,2021-04,2021-05,2021-06,2021-07,2021-08,2021-09,2021-10,2021-11,2021-12,2022-01,2022-02,2022-03,2022-04,2022-05,2022-06,2022-07,2022-08,2022-09,2022-10,2022-11,2022-12,2023-01,2023-02,2023-03,2023-04,2023-05,2023-06,2023-07,2023-08,2023-09,2023-10,2023-11,2023-12,2024-01,2024-02,2024-03,2024-04,2024-05,2024-06,2024-07,2024-08,2024-09,2024-10,2024-11,2024-12,2025-01,2025-02,2025-03,2025-04,2025-05,2025-06,2025-07,2025-08,2025-09,2025-10,2025-11,2025-12,2026-01,2026-02,2026-03,2026-04,2026-05,2026-06
Astoria,Queens,neighborhood,1600.0,1650.0,1600.0,1600.0,1662.0,1662.0,1600.0,1500.0,1600.0,1700.0,1650.0,1650.0,1600.0,1600.0,1750.0,1825.0,1900.0,1900.0,1840.0,1900.0,1900.0,1900.0,1900.0,2000.0,1895.0,1925.0,1905.0,2150.0,2085.0,1950.0,2025.0,2200.0,2200.0,2100.0,2000.0,2000.0,1950.0,1950.0,1900.0,2000.0,2175.0,2100.0,2200.0,2175.0,2150.0,2100.0,2000.0,2000.0,2095.0,2100.0,2050.0,2050.0,2100.0,2150.0,2150.0,2100.0,2195.0,2200.0,2200.0,2100.0,2200.0,2200.0,2200.0,2300.0,2300.0,2295.0,2300.0,2300.0,2200.0,2250.0,2200.0,2200.0,2200.0,2200.0,2300.0,2300.0,2300.0,2350.0,2300.0,2395.0,2350.0,2300.0,2300.0,2295.0,2250.0,2200.0,2250.0,2250.0,2250.0,2300.0,2300.0,2300.0,2295.0,2200.0,2200.0,2200.0,2195.0,2150.0,2145.0,2149.0,2200.0,2200.0,2225.0,2275.0,2275.0,2200.0,2175.0,2145.0,2195.0,2199.0,2200.0,2200.0,2250.0,2300.0,2350.0,2350.0,2350.0,2354.0,2300.0,2300.0,2350.0,2395.0,2300.0,2300.0,2295.0,2275.0,2250.0,2195.0,2150.0,2000.0,2000.0,1995.0,1950.0,1950.0,1900.0,1950.0,1995.0,2000.0,2100.0,2200.0,2200.0,2200.0,2200.0,2275.0,2250.0,2300.0,2395.0,2395.0,2500.0,2650.0,2600.0,2700.0,2800.0,2700.0,2600.0,2600.0,2695.0,2650.0,2700.0,2775.0,2750.0,2800.0,2899.0,2916.0,2850.0,2850.0,2850.0,2850.0,2800.0,2850.0,2900.0,2900.0,2950.0,2980.0,2950.0,2999.0,2900.0,2900.0,2900.0,2800.0,2850.0,2900.0,2950.0,3000.0,3000.0,3154.0,3300.0,3290.0,3200.0,3199.0,3199.0,3125.0,3150.0,3150.0,3000.0,3100.0,3200.0,3313.0
Auburndale,Queens,neighborhood,1585.0,1490.0,1490.0,2400.0,2400.0,2400.0,,,,,,,,2000.0,1850.0,1850.0,2000.0,2000.0,2000.0,2000.0,2000.0,1950.0,1900.0,1550.0,1600.0,1600.0,2000.0,2100.0,1475.0,1600.0,2100.0,1250.0,1900.0,1600.0,1600.0,2200.0,1450.0,1600.0,1800.0,2100.0,2100.0,,,1695.0,1695.0,1650.0,1595.0,1150.0,1150.0,1700.0,1695.0,1900.0,1900.0,1775.0,1775.0,1895.0,1950.0,2300.0,1695.0,1600.0,1895.0,2250.0,2300.0,2300.0,1995.0,1900.0,1950.0,1900.0,1995.0,2000.0,1650.0,1800.0,1900.0,1795.0,1795.0,1850.0,2100.0,2300.0,2250.0,1995.0,2100.0,2195.0,2100.0,2195.0,2200.0,2195.0,2195.0,2295.0,1850.0,2195.0,1995.0,1795.0,1845.0,1495.0,1650.0,2300.0,2200.0,2300.0,2095.0,2095.0,1850.0,2200.0,2095.0,2000.0,1895.0,1995.0,1995.0,1900.0,2095.0,1995.0,1995.0,1995.0,2000.0,1900.0,1650.0,2195.0,2195.0,2000.0,2095.0,1895.0,1895.0,1900.0,1900.0,1595.0,1995.0,1995.0,1895.0,2000.0,2000.0,2000.0,2000.0,2154.0,2200.0,2100.0,2195.0,2000.0,2000.0,2195.0,2154.0,2154.0,2595.0,2500.0,2600.0,1800.0,2514.0,2514.0,2500.0,2400.0,2500.0,2514.0,2514.0,2600.0,2600.0,2400.0,2200.0,2167.0,2300.0,2700.0,2100.0,2000.0,2050.0,2250.0,2495.0,2874.0,2874.0,2874.0,2634.0,2300.0,2300.0,2274.0,3200.0,2850.0,2850.0,2700.0,2300.0,2400.0,2299.0,2299.0,2695.0,2650.0,2775.0,2399.0,2399.0,2400.0,2400.0,2400.0,2305.0,2305.0,3500.0,3395.0,2800.0,3200.0,2750.0,2450.0,2600.0,2366.0,2750.0,2450.0
Bath Beach,Brooklyn,neighborhood,1350.0,1350.0,1350.0,1350.0,1700.0,1700.0,,1300.0,1300.0,1300.0,,,,1300.0,950.0,1300.0,1300.0,1295.0,1075.0,1075.0,1075.0,1075.0,1200.0,1075.0,1075.0,1075.0,1175.0,1295.0,1295.0,1375.0,1350.0,1345.0,1250.0,1295.0,1295.0,1045.0,1045.0,1125.0,1600.0,1200.0,1125.0,1125.0,1200.0,1395.0,1350.0,1350.0,1395.0,1395.0,1475.0,1395.0,1475.0,2100.0,2200.0,1800.0,1900.0,1750.0,1700.0,1450.0,1850.0,1700.0,1700.0,1500.0,1700.0,2000.0,1795.0,1650.0,1700.0,1700.0,1700.0,2000.0,1995.0,1995.0,1895.0,1895.0,1895.0,2100.0,2200.0,2000.0,2000.0,2100.0,2300.0,2100.0,1900.0,1900.0,2200.0,1950.0,1850.0,1850.0,1900.0,2000.0,2000.0,1900.0,1850.0,1895.0,2000.0,1995.0,1950.0,1995.0,1999.0,1999.0,2000.0,1950.0,1700.0,1675.0,1675.0,1750.0,1725.0,1675.0,1700.0,1550.0,1695.0,1675.0,1695.0,1750.0,1799.0,1795.0,1795.0,1900.0,1795.0,1795.0,1795.0,1900.0,1950.0,2200.0,1600.0,1900.0,1900.0,2000.0,1795.0,1775.0,1775.0,1695.0,1695.0,1750.0,1800.0,1750.0,1715.0,1799.0,1700.0,1750.0,1699.0,1700.0,1750.0,1750.0,1750.0,1600.0,1850.0,1850.0,1850.0,1775.0,1800.0,1900.0,2050.0,2000.0,1700.0,1700.0,1750.0,1960.0,1968.0,2100.0,2200.0,1850.0,1950.0,2250.0,2299.0,2249.0,2200.0,2200.0,2099.0,1899.0,2000.0,2295.0,2149.0,2000.0,1995.0,2099.0,2200.0,2050.0,1950.0,2500.0,2100.0,1900.0,1895.0,1949.0,1975.0,1995.0,2200.0,2250.0,2200.0,2100.0,2000.0,1995.0,1995.0,2150.0,2150.0,2150.0,2100.0,2100.0
Battery Park City,Manhattan,neighborhood,3495.0,3250.0,3200.0,3195.0,3000.0,3250.0,3195.0,3160.0,3360.0,3415.0,3295.0,3295.0,3295.0,3050.0,3175.0,3295.0,3665.0,3685.0,3700.0,3700.0,3840.0,3900.0,3700.0,3788.0,3500.0,3550.0,3500.0,3595.0,3795.0,3910.0,4500.0,4500.0,4250.0,4200.0,4300.0,4195.0,3975.0,3500.0,3500.0,3580.0,3935.0,3990.0,3950.0,3875.0,3900.0,4126.0,3945.0,3895.0,3850.0,3995.0,4000.0,3545.0,3650.0,4750.0,4300.0,4202.0,4550.0,4100.0,3950.0,3550.0,3850.0,3950.0,3995.0,4050.0,4570.0,4700.0,4700.0,5000.0,5150.0,4950.0,5300.0,4965.0,4750.0,4800.0,4700.0,4985.0,4875.0,4900.0,4750.0,4850.0,4900.0,4328.0,4150.0,4055.0,4200.0,3995.0,3910.0,4050.0,4500.0,4500.0,4700.0,4560.0,4680.0,4675.0,3825.0,3895.0,4200.0,4100.0,4100.0,4280.0,4695.0,4735.0,4655.0,4900.0,5000.0,4900.0,4772.0,4350.0,4450.0,4595.0,4310.0,4450.0,4999.0,5200.0,5408.0,4795.0,4695.0,5150.0,5455.0,5100.0,4500.0,4320.0,4446.0,4225.0,4900.0,4950.0,4320.0,4243.0,4090.0,3937.0,3750.0,3882.0,3800.0,3950.0,3995.0,3995.0,3895.0,4055.0,4330.0,4425.0,4350.0,4255.0,4441.0,5265.0,5044.0,5044.0,4775.0,4725.0,5045.0,5250.0,5775.0,5750.0,5900.0,5530.0,5055.0,5427.0,5400.0,5600.0,5425.0,5300.0,5750.0,5400.0,5871.0,6250.0,5850.0,5995.0,5500.0,5300.0,5395.0,4895.0,4800.0,5500.0,5350.0,5435.0,6200.0,5950.0,6000.0,5400.0,4650.0,4774.0,5300.0,4800.0,4876.0,5000.0,5527.0,5400.0,5291.0,5516.0,5393.0,5263.0,5115.0,5100.0,5130.0,5149.0,5342.0,5437.0,5780.0,5758.0
Bay Ridge,Brooklyn,neighborhood,1400.0,1400.0,1400.0,1350.0,1350.0,1395.0,1300.0,1400.0,1350.0,1500.0,1600.0,1600.0,1500.0,1500.0,1500.0,1525.0,1650.0,1550.0,1700.0,1750.0,1700.0,1600.0,1800.0,1750.0,1799.0,1650.0,1650.0,1800.0,2100.0,1450.0,1450.0,1695.0,1850.0,1850.0,1950.0,2300.0,1550.0,1500.0,2000.0,1800.0,1650.0,1600.0,1600.0,1650.0,1700.0,1650.0,1600.0,1650.0,1600.0,1600.0,1600.0,1600.0,1875.0,1950.0,1950.0,1850.0,1850.0,1800.0,1800.0,1700.0,1700.0,1700.0,1700.0,1795.0,1800.0,1850.0,1850.0,1895.0,1898.0,1850.0,1850.0,1895.0,1900.0,2000.0,2000.0,2100.0,2075.0,2125.0,2100.0,2100.0,2100.0,2100.0,2100.0,2150.0,2000.0,2000.0,1950.0,1995.0,2000.0,2000.0,2000.0,1899.0,1899.0,1900.0,1825.0,1850.0,2000.0,1995.0,1900.0,1995.0,1950.0,1950.0,1850.0,1975.0,2000.0,1999.0,1965.0,1899.0,1900.0,1999.0,2000.0,1975.0,1900.0,1900.0,1900.0,1975.0,1895.0,1900.0,2000.0,1900.0,1899.0,2000.0,2075.0,2049.0,1950.0,2000.0,2000.0,1995.0,1999.0,1850.0,1800.0,1750.0,1775.0,1775.0,1800.0,1750.0,1750.0,1750.0,1750.0,1800.0,1790.0,1775.0,1800.0,1775.0,1850.0,1895.0,1900.0,2000.0,2150.0,2300.0,2100.0,2399.0,2300.0,2250.0,2100.0,2200.0,2350.0,2399.0,2200.0,2100.0,2250.0,2350.0,2300.0,2400.0,2550.0,2400.0,2400.0,2400.0,2299.0,2313.0,2250.0,2250.0,2350.0,2400.0,2450.0,2400.0,2450.0,2300.0,2385.0,2300.0,2350.0,2500.0,2400.0,2499.0,2399.0,2500.0,2500.0,2600.0,2400.0,2500.0,2500.0,2595.0,2650.0,2375.0,2395.0,2500.0,2675.0,2700.0
Baychester,Bronx,neighborhood,,,,,,,,,,,,,,,,,,,,,,,,990.0,990.0,990.0,990.0,1650.0,1650.0,1650.0,,,,,,,,,,,2200.0,,,,,,,,,,,,,,,,,,,,,,,,1500.0,,,,,,,,,1475.0,1700.0,1800.0,1800.0,,,,,,1750.0,1750.0,,,2400.0,2495.0,2250.0,2250.0,,,,,1800.0,1800.0,,,,,,,,,,,,,,2200.0,2200.0,,2200.0,2200.0,,,,,,1650.0,,5950.0,5950.0,4250.0,4250.0,2350.0,2350.0,2350.0,2100.0,2100.0,2100.0,2100.0,2200.0,2850.0,2850.0,2850.0,2100.0,2000.0,2000.0,,,,,,,2300.0,3995.0,2300.0,2400.0,,2650.0,,,1400.0,,1500.0,,,2500.0,1500.0,1500.0,,2700.0,2700.0,2696.0,2696.0,2600.0,,,2700.0,3500.0,2700.0,3500.0,,2900.0,3385.0,,3200.0,3200.0,,,,2800.0,2800.0,,,,,,,,,,,5950.0,5950.0,5950.0,5950.0
Bayside,Queens,neighborhood,1750.0,1800.0,1800.0,1650.0,1800.0,1875.0,1900.0,1900.0,1900.0,1900.0,1950.0,1900.0,1900.0,1900.0,1950.0,2000.0,2000.0,1950.0,2000.0,1950.0,1950.0,1900.0,1995.0,1995.0,1900.0,1700.0,1900.0,1850.0,1900.0,1900.0,1850.0,1850.0,1850.0,1895.0,2000.0,1975.0,1900.0,1900.0,2000.0,2100.0,2150.0,2050.0,1850.0,1850.0,1950.0,2150.0,1800.0,1900.0,1795.0,1700.0,1850.0,1850.0,1895.0,2150.0,2200.0,2300.0,2150.0,2200.0,2100.0,2200.0,2200.0,2200.0,2300.0,2250.0,2200.0,2450.0,2300.0,2300.0,2300.0,2300.0,2400.0,2400.0,2500.0,2400.0,2400.0,2500.0,2400.0,2500.0,2400.0,2200.0,2400.0,2250.0,2300.0,2500.0,2500.0,2550.0,2500.0,2400.0,2400.0,2500.0,2500.0,2375.0,2450.0,2400.0,2400.0,2280.0,2500.0,2400.0,2400.0,2300.0,2200.0,2375.0,2400.0,2400.0,2350.0,2500.0,2350.0,2100.0,2150.0,2200.0,2150.0,2000.0,2100.0,2100.0,2000.0,2200.0,2200.0,2200.0,2125.0,2150.0,2100.0,1900.0,2000.0,1875.0,1950.0,2175.0,2100.0,2075.0,2000.0,1975.0,2000.0,2090.0,2000.0,1895.0,1850.0,1850.0,1850.0,2150.0,2075.0,2200.0,2200.0,2250.0,2200.0,2300.0,2150.0,2200.0,2250.0,2500.0,2300.0,2500.0,2395.0,2300.0,2300.0,2650.0,2500.0,2500.0,2450.0,2500.0,2500.0,2600.0,2350.0,2300.0,2600.0,2600.0,2700.0,2500.0,2500.0,2500.0,2500.0,2500.0,2400.0,2495.0,2500.0,2600.0,2900.0,2800.0,2795.0,2900.0,2900.0,2800.0,2450.0,2450.0,2455.0,2700.0,2800.0,2600.0,2900.0,2800.0,2550.0,3000.0,2800.0,2859.0,2850.0,2875.0,2850.0,2800.0,2795.0,3000.0
Bedford Park,Bronx,neighborhood,895.0,895.0,845.0,845.0,875.0,795.0,795.0,,,1225.0,1225.0,875.0,875.0,875.0,1150.0,1150.0,1300.0,1300.0,1300.0,1245.0,1045.0,950.0,875.0,950.0,950.0,950.0,1125.0,975.0,975.0,1125.0,1050.0,945.0,975.0,1095.0,1100.0,1050.0,875.0,1100.0,1100.0,975.0,1025.0,1195.0,1150.0,1050.0,1100.0,1145.0,1195.0,1000.0,1000.0,925.0,1000.0,1100.0,1000.0,1050.0,1262.0,1300.0,1400.0,1400.0,1400.0,1400.0,1350.0,1400.0,1400.0,1400.0,1275.0,1324.0,1350.0,1450.0,1499.0,1575.0,1475.0,1525.0,1450.0,1450.0,1395.0,1450.0,1450.0,1395.0,1475.0,1475.0,1500.0,1525.0,1450.0,1450.0,1400.0,1400.0,1500.0,1500.0,1550.0,1550.0,1550.0,1550.0,1450.0,1500.0,1565.0,1600.0,1499.0,1300.0,1550.0,1595.0,1450.0,1550.0,1550.0,1550.0,1425.0,1795.0,1600.0,1850.0,1875.0,1650.0,1650.0,1550.0,1550.0,1595.0,1600.0,1775.0,1786.0,1750.0,1750.0,1700.0,1699.0,1875.0,1600.0,1600.0,1650.0,1650.0,1595.0,1695.0,1695.0,1552.0,1650.0,1625.0,1699.0,1625.0,1850.0,1695.0,1695.0,1600.0,1625.0,1625.0,1902.0,1750.0,1550.0,1625.0,1700.0,1695.0,1795.0,1950.0,1750.0,1750.0,1776.0,2295.0,1795.0,1795.0,1650.0,1750.0,1695.0,1780.0,1900.0,1950.0,1900.0,1700.0,1895.0,1950.0,1950.0,1900.0,1900.0,1675.0,1895.0,1895.0,2052.0,1927.0,1868.0,1995.0,1927.0,2053.0,2000.0,1800.0,1900.0,1995.0,2350.0,1850.0,1700.0,1900.0,1995.0,2030.0,1900.0,2150.0,2050.0,2000.0,1995.0,1795.0,2000.0,2100.0,1800.0,2000.0,2050.0,2170.0
Bedford-Stuyvesant,Brooklyn,neighborhood,1700.0,1695.0,1650.0,1650.0,1695.0,1600.0,1560.0,1500.0,1500.0,1675.0,1650.0,1750.0,1700.0,1600.0,1500.0,1500.0,1500.0,1600.0,1650.0,1650.0,1650.0,1675.0,1750.0,1675.0,1650.0,1650.0,1775.0,1850.0,1800.0,1800.0,1750.0,1750.0,1800.0,1800.0,1820.0,1999.0,1975.0,1975.0,1950.0,1990.0,2000.0,2100.0,2200.0,2260.0,2200.0,2200.0,2200.0,2200.0,2200.0,2300.0,2300.0,2250.0,2299.0,2375.0,2350.0,2400.0,2300.0,2300.0,2300.0,2300.0,2300.0,2300.0,2350.0,2375.0,2399.0,2450.0,2475.0,2495.0,2450.0,2400.0,2375.0,2350.0,2383.0,2399.0,2350.0,2430.0,2500.0,2499.0,2500.0,2500.0,2499.0,2499.0,2450.0,2400.0,2400.0,2375.0,2350.0,2399.0,2449.0,2499.0,2495.0,2499.0,2475.0,2450.0,2400.0,2350.0,2350.0,2300.0,2395.0,2450.0,2500.0,2500.0,2595.0,2599.0,2550.0,2501.0,2485.0,2475.0,2448.0,2450.0,2500.0,2500.0,2567.0,2550.0,2600.0,2639.0,2612.0,2653.0,2620.0,2500.0,2550.0,2545.0,2538.0,2550.0,2567.0,2550.0,2500.0,2500.0,2400.0,2300.0,2300.0,2250.0,2250.0,2250.0,2250.0,2299.0,2375.0,2450.0,2599.0,2650.0,2700.0,2700.0,2750.0,2800.0,2850.0,2875.0,2844.0,2850.0,3000.0,3095.0,3200.0,3200.0,3199.0,3100.0,2999.0,2995.0,3000.0,2999.0,3000.0,3100.0,3200.0,3250.0,3295.0,3200.0,3150.0,3100.0,3000.0,3000.0,3000.0,3095.0,3150.0,3200.0,3295.0,3299.0,3300.0,3300.0,3300.0,3250.0,3199.0,3195.0,3150.0,3170.0,3170.0,3300.0,3400.0,3495.0,3500.0,3395.0,3350.0,3398.0,3250.0,3250.0,3250.0,3375.0,3350.0,3500.0,3500.0,3600.0
Bellerose,Queens,neighborhood,1150.0,1150.0,1150.0,975.0,975.0,950.0,950.0,875.0,875.0,,,,,,,,,,,,,,,,,,,,,,,,,,,,,,,,,,,,,2400.0,2500.0,2200.0,2200.0,1800.0,1700.0,1700.0,1700.0,1900.0,2000.0,1900.0,2000.0,2000.0,2100.0,2100.0,2000.0,1700.0,1865.0,1865.0,1400.0,2200.0,1865.0,1700.0,1700.0,1650.0,1450.0,1675.0,1850.0,1950.0,2000.0,1850.0,1950.0,2000.0,2000.0,2200.0,2499.0,2400.0,2250.0,1850.0,2000.0,2000.0,2200.0,1800.0,1800.0,1950.0,1950.0,1500.0,1300.0,1500.0,1300.0,1650.0,2000.0,2300.0,2000.0,1800.0,2550.0,2550.0,2550.0,1350.0,2550.0,1900.0,2550.0,1900.0,1900.0,2300.0,1800.0,1700.0,1700.0,1700.0,2000.0,2550.0,2000.0,1999.0,2395.0,2150.0,2395.0,1600.0,1650.0,1650.0,2550.0,2000.0,1450.0,1700.0,2300.0,2300.0,2300.0,2100.0,2195.0,,1450.0,1800.0,1650.0,1500.0,1500.0,1725.0,2500.0,2200.0,1750.0,1550.0,,,2500.0,2500.0,1500.0,1400.0,,2400.0,3250.0,1699.0,1699.0,1750.0,1750.0,2399.0,2299.0,2400.0,2400.0,,2500.0,2550.0,2550.0,2350.0,2350.0,,3800.0,3800.0,2800.0,2650.0,2615.0,,2600.0,3400.0,4000.0,1600.0,1600.0,,,2500.0,2550.0,2550.0,1950.0,2100.0,2100.0,3000.0,2600.0,3200.0,2500.0,2400.0,2300.0,2200.0,1875.0,,2000.0,2000.0
Belmont,Bronx,neighborhood,1000.0,1000.0,1000.0,1000.0,,1050.0,1050.0,,,,,,,,,,,,1300.0,1300.0,2000.0,2000.0,,1050.0,1050.0,,,,1300.0,1300.0,1300.0,1000.0,1205.0,2400.0,2100.0,2400.0,2175.0,1600.0,1400.0,1400.0,1400.0,1000.0,1375.0,1300.0,1250.0,1200.0,1200.0,1200.0,1100.0,1100.0,1025.0,1100.0,1400.0,1425.0,1350.0,1100.0,1350.0,1350.0,1350.0,2000.0,1450.0,1750.0,1500.0,1500.0,1500.0,1499.0,1550.0,1700.0,1800.0,1650.0,1750.0,1850.0,1650.0,1650.0,1400.0,1550.0,1450.0,1550.0,1700.0,1700.0,1700.0,1695.0,1500.0,1750.0,1700.0,1700.0,1700.0,1675.0,1700.0,1700.0,1700.0,1800.0,1800.0,1800.0,1750.0,1600.0,1625.0,1650.0,1625.0,1800.0,1900.0,1899.0,1879.0,1879.0,2100.0,2100.0,1825.0,1700.0,1950.0,2200.0,2200.0,1850.0,1800.0,1850.0,2100.0,2400.0,2200.0,2200.0,2200.0,1800.0,1800.0,1800.0,1675.0,1695.0,2550.0,2300.0,2295.0,2295.0,2100.0,2000.0,2000.0,2100.0,2100.0,2200.0,2000.0,2000.0,2100.0,2125.0,2000.0,2150.0,2000.0,2200.0,2200.0,1675.0,1500.0,1875.0,1768.0,2000.0,2550.0,2200.0,1885.0,2250.0,2250.0,2250.0,2500.0,2300.0,2450.0,2770.0,2770.0,2770.0,2450.0,2770.0,2850.0,2449.0,2595.0,1975.0,1995.0,2895.0,3100.0,3100.0,3100.0,2800.0,3150.0,3100.0,3525.0,2850.0,3100.0,1975.0,3100.0,3100.0,2600.0,3300.0,3485.0,3750.0,3225.0,3200.0,3600.0,3900.0,3825.0,3666.0,3750.0,3600.0,2300.0,2100.0,2650.0,2950.0,2500.0,3150.0
Bensonhurst,Brooklyn,neighborhood,,,900.0,1250.0,1150.0,1150.0,1450.0,1400.0,1500.0,1150.0,1250.0,1250.0,1250.0,1300.0,1300.0,1300.0,1350.0,1700.0,1600.0,1350.0,1250.0,1225.0,1225.0,1400.0,1400.0,1250.0,1250.0,1400.0,1300.0,1250.0,1550.0,1400.0,1200.0,1150.0,1000.0,1500.0,1500.0,1500.0,1350.0,1325.0,1350.0,1350.0,1400.0,1400.0,1300.0,1500.0,1400.0,1400.0,1350.0,1350.0,1400.0,1700.0,1875.0,1500.0,1500.0,1550.0,1550.0,1500.0,1600.0,1600.0,1600.0,1750.0,1650.0,1700.0,1695.0,1600.0,1595.0,1700.0,1650.0,1600.0,1675.0,1700.0,1650.0,1700.0,1750.0,1700.0,1800.0,1900.0,1800.0,2000.0,2100.0,2099.0,1750.0,1750.0,2000.0,1895.0,1800.0,1800.0,1700.0,1800.0,1700.0,1900.0,1725.0,1725.0,1700.0,1750.0,1700.0,1750.0,1800.0,1850.0,1880.0,1875.0,1700.0,1850.0,1900.0,1850.0,1875.0,1900.0,1850.0,1849.0,1900.0,1800.0,1900.0,1700.0,1700.0,1700.0,1700.0,1800.0,1700.0,1750.0,1949.0,1975.0,1999.0,1775.0,1700.0,1750.0,1650.0,1800.0,1800.0,1700.0,1600.0,1549.0,1550.0,1650.0,1750.0,1650.0,1650.0,1700.0,1695.0,1700.0,1750.0,1750.0,1699.0,1795.0,1800.0,2000.0,1850.0,2150.0,2000.0,2000.0,2100.0,2199.0,1950.0,2000.0,2000.0,2350.0,2300.0,2350.0,2295.0,2200.0,2000.0,2100.0,2300.0,2175.0,2150.0,2100.0,2000.0,2150.0,2000.0,2200.0,2400.0,2100.0,2400.0,2249.0,2195.0,2200.0,2250.0,2250.0,2099.0,2475.0,2300.0,2450.0,2350.0,2250.0,2175.0,2300.0,2300.0,2350.0,2300.0,2200.0,2250.0,2275.0,2400.0,2300.0,2400.0,2200.0,2500.0,2250.0
Bergen Beach,Brooklyn,neighborhood,1600.0,1600.0,1600.0,1500.0,1450.0,1450.0,1900.0,1900.0,1900.0,1900.0,1900.0,,,1000.0,1900.0,1900.0,1700.0,1900.0,1900.0,1550.0,1550.0,,,,,,1800.0,1800.0,1800.0,1600.0,1600.0,900.0,900.0,1800.0,,,,,900.0,900.0,900.0,900.0,1200.0,1850.0,1850.0,1945.0,,,2000.0,2000.0,2000.0,2100.0,2100.0,1800.0,1900.0,1900.0,1900.0,1900.0,1900.0,1900.0,1900.0,1995.0,1995.0,1995.0,2000.0,1800.0,1650.0,1900.0,2200.0,2200.0,2250.0,2100.0,3000.0,2700.0,1750.0,1750.0,1645.0,1500.0,1900.0,2200.0,2000.0,2000.0,2000.0,2000.0,2100.0,2100.0,2000.0,2000.0,2000.0,2000.0,2350.0,2300.0,2200.0,2200.0,2150.0,2100.0,1750.0,2200.0,1999.0,1999.0,2100.0,2250.0,2300.0,2150.0,2150.0,2075.0,2299.0,2300.0,2200.0,2100.0,2100.0,2100.0,1900.0,2200.0,2400.0,2300.0,2232.0,2100.0,2300.0,2395.0,2300.0,2500.0,2500.0,2500.0,1950.0,1950.0,1950.0,2450.0,2400.0,2100.0,2200.0,1750.0,2200.0,2200.0,1600.0,1500.0,2300.0,2300.0,2400.0,2500.0,2000.0,1800.0,2000.0,1600.0,2200.0,2250.0,2650.0,2150.0,2400.0,2750.0,2799.0,2750.0,2699.0,2699.0,2750.0,2750.0,2800.0,2800.0,2700.0,3100.0,2800.0,2800.0,2750.0,3250.0,3100.0,3300.0,2800.0,2800.0,3100.0,3400.0,3300.0,3000.0,2690.0,2800.0,3000.0,3000.0,3053.0,3300.0,3050.0,2900.0,2700.0,2700.0,2500.0,2500.0,1998.0,1600.0,2600.0,3500.0,3150.0,3235.0,3250.0,3300.0,3100.0,2300.0,3000.0,3000.0,4500.0,3000.0
Boerum Hill,Brooklyn,neighborhood,2600.0,2800.0,2600.0,2395.0,2500.0,2450.0,2475.0,2500.0,3000.0,2750.0,2800.0,2500.0,2600.0,3000.0,3000.0,3250.0,3500.0,2800.0,2800.0,2800.0,2450.0,3000.0,3395.0,3995.0,3600.0,3500.0,3000.0,3350.0,2675.0,2850.0,3700.0,3400.0,3275.0,3000.0,3000.0,3200.0,3000.0,3000.0,3000.0,3000.0,3350.0,3200.0,3150.0,3500.0,4250.0,3675.0,3050.0,2900.0,3000.0,3200.0,3400.0,3400.0,3000.0,3025.0,3000.0,3000.0,3000.0,3000.0,2980.0,3000.0,2850.0,2900.0,3150.0,2900.0,2800.0,3000.0,2950.0,2900.0,2995.0,2900.0,2813.0,2700.0,2875.0,2800.0,2995.0,3300.0,3500.0,3300.0,3200.0,3000.0,2900.0,2795.0,2800.0,2995.0,3000.0,3133.0,3000.0,2995.0,3100.0,3000.0,3200.0,3250.0,3325.0,3200.0,3000.0,3200.0,3092.0,3050.0,3000.0,2995.0,3400.0,3275.0,3200.0,3200.0,3200.0,3250.0,3500.0,3100.0,3000.0,2950.0,2900.0,3395.0,3395.0,3388.0,3475.0,3500.0,3300.0,3499.0,3400.0,3300.0,3450.0,3450.0,3500.0,3500.0,3500.0,3395.0,3200.0,3200.0,3000.0,2895.0,2750.0,2700.0,2618.0,2600.0,2700.0,2725.0,2800.0,2809.0,3000.0,2800.0,2750.0,3000.0,3000.0,3550.0,3600.0,3250.0,3500.0,3500.0,4300.0,4500.0,4100.0,3800.0,3799.0,3800.0,3695.0,4300.0,4160.0,4400.0,4300.0,4400.0,4400.0,4400.0,4500.0,4200.0,4200.0,4000.0,3850.0,4075.0,4000.0,4095.0,4000.0,4450.0,4405.0,4300.0,4300.0,4350.0,3995.0,3995.0,4112.0,4000.0,3950.0,4000.0,3950.0,4250.0,4900.0,4850.0,4800.0,4900.0,4880.0,4900.0,4900.0,4900.0,4725.0,4725.0,5000.0,4850.0,4950.0,5000.0
Borough Park,Brooklyn,neighborhood,2000.0,2000.0,1150.0,2000.0,2000.0,950.0,1500.0,1350.0,1350.0,1250.0,1250.0,1200.0,1200.0,1250.0,1250.0,1200.0,1200.0,1200.0,1250.0,1250.0,1350.0,1200.0,1200.0,1350.0,1300.0,1400.0,1300.0,1300.0,1400.0,1295.0,1300.0,1550.0,1550.0,1275.0,1250.0,1200.0,1200.0,2000.0,1550.0,1300.0,1475.0,1500.0,1600.0,1600.0,1800.0,1700.0,1300.0,1300.0,1400.0,1695.0,1750.0,1750.0,1700.0,1690.0,1690.0,1700.0,1575.0,1525.0,1500.0,1500.0,1550.0,1595.0,1595.0,1800.0,1700.0,1600.0,1600.0,1550.0,1850.0,1800.0,1750.0,1899.0,1595.0,1800.0,1800.0,1800.0,1750.0,1898.0,1900.0,1900.0,2100.0,1900.0,1850.0,1984.0,2000.0,1900.0,1750.0,1790.0,1750.0,1750.0,1725.0,1775.0,1800.0,1800.0,1800.0,1675.0,1670.0,1650.0,1795.0,1700.0,1750.0,1850.0,1899.0,1850.0,1800.0,1900.0,1875.0,1700.0,1850.0,1950.0,1900.0,1900.0,1900.0,1850.0,1900.0,1971.0,1900.0,2050.0,1900.0,1875.0,1900.0,1995.0,2098.0,1755.0,1849.0,1700.0,1750.0,1850.0,1795.0,1795.0,1795.0,1750.0,1799.0,1650.0,1700.0,1849.0,1800.0,1799.0,1800.0,1875.0,1900.0,1850.0,1899.0,1650.0,1650.0,1800.0,1900.0,1995.0,2000.0,2177.0,2150.0,2240.0,2000.0,2195.0,1975.0,2000.0,2200.0,2000.0,2100.0,2070.0,2400.0,2300.0,2450.0,2550.0,2500.0,2400.0,2300.0,2400.0,2250.0,2495.0,2400.0,2625.0,2495.0,2495.0,2500.0,2650.0,2600.0,2290.0,2500.0,2400.0,2200.0,2200.0,2600.0,2650.0,2500.0,2500.0,2600.0,2495.0,2395.0,2750.0,2750.0,2700.0,2200.0,2730.0,2650.0,2550.0,2495.0,2500.0
Briarwood,Queens,neighborhood,1400.0,1350.0,1250.0,1250.0,1350.0,1350.0,1350.0,1350.0,1275.0,1299.0,1300.0,1450.0,1350.0,1375.0,1375.0,1300.0,1275.0,1275.0,1275.0,1300.0,1300.0,1100.0,1100.0,1300.0,1275.0,1275.0,1450.0,1300.0,1750.0,1800.0,1650.0,1900.0,1500.0,1475.0,1475.0,1425.0,1425.0,1450.0,1450.0,1450.0,1550.0,1475.0,1550.0,1450.0,1600.0,1595.0,1525.0,1495.0,1600.0,1595.0,1595.0,1450.0,1550.0,1595.0,1625.0,1600.0,1695.0,1795.0,1625.0,1675.0,1650.0,1525.0,1560.0,1575.0,1700.0,1795.0,1750.0,1700.0,1675.0,1675.0,1650.0,1695.0,1690.0,1695.0,1695.0,1749.0,1800.0,1725.0,1750.0,1699.0,1655.0,1695.0,1685.0,1695.0,1600.0,1675.0,1700.0,1700.0,1700.0,1700.0,1740.0,1800.0,1749.0,1800.0,1850.0,1800.0,1795.0,1725.0,1800.0,1800.0,1740.0,1749.0,1750.0,1699.0,1750.0,1769.0,1750.0,1815.0,1775.0,1699.0,1795.0,1745.0,1750.0,1800.0,1750.0,1750.0,1900.0,1850.0,1850.0,1750.0,1795.0,1775.0,1777.0,1727.0,1725.0,1785.0,1795.0,1727.0,1750.0,1750.0,1727.0,1725.0,1725.0,1725.0,1725.0,1725.0,1725.0,1725.0,1725.0,1725.0,1725.0,1725.0,1725.0,1800.0,1875.0,1850.0,1950.0,1895.0,1850.0,1850.0,1850.0,1895.0,1995.0,1911.0,1875.0,1875.0,1875.0,1945.0,1900.0,1855.0,1900.0,1900.0,2200.0,2009.0,1995.0,1978.0,1900.0,1900.0,1950.0,1925.0,2030.0,2200.0,1950.0,1950.0,2200.0,2100.0,2099.0,2045.0,1995.0,1995.0,2050.0,1995.0,2000.0,2000.0,2275.0,2275.0,2450.0,2350.0,2200.0,2200.0,2050.0,2050.0,1995.0,2200.0,2300.0,2200.0,2200.0,2300.0
Brighton Beach,Brooklyn,neighborhood,1400.0,1400.0,1400.0,1275.0,2500.0,950.0,950.0,1275.0,1275.0,1250.0,1250.0,1250.0,1250.0,1275.0,1250.0,1275.0,1200.0,1250.0,1595.0,1450.0,1300.0,1275.0,1265.0,1350.0,1350.0,1450.0,1350.0,1350.0,1700.0,1575.0,1575.0,1675.0,1700.0,1700.0,1800.0,1900.0,2300.0,2495.0,1900.0,1775.0,1775.0,1750.0,1750.0,1800.0,2031.0,2000.0,1850.0,1784.0,2200.0,1784.0,2000.0,1900.0,2000.0,1850.0,1900.0,1900.0,1950.0,1850.0,1825.0,1600.0,1750.0,1799.0,1800.0,2000.0,2100.0,2200.0,1950.0,2095.0,2095.0,2100.0,2350.0,2000.0,1850.0,1950.0,1950.0,1950.0,1850.0,1875.0,1895.0,1950.0,1950.0,2000.0,2100.0,2300.0,2215.0,2100.0,2200.0,2150.0,2100.0,2150.0,2250.0,2150.0,2050.0,2095.0,2100.0,2050.0,2050.0,2065.0,2025.0,2050.0,2075.0,2125.0,2150.0,2099.0,2100.0,2050.0,2050.0,2100.0,2050.0,2185.0,2175.0,1975.0,2025.0,2100.0,2050.0,2000.0,1950.0,2050.0,2096.0,1895.0,1900.0,1949.0,2195.0,2109.0,2025.0,2049.0,2047.0,2200.0,2000.0,1882.0,1995.0,1950.0,1795.0,1725.0,1800.0,1850.0,1899.0,1800.0,1875.0,1853.0,2099.0,2225.0,2000.0,2195.0,2050.0,2050.0,2000.0,2075.0,2100.0,2195.0,2350.0,2395.0,2220.0,2400.0,2400.0,2450.0,2499.0,2500.0,2899.0,2700.0,2500.0,2500.0,2500.0,2495.0,2500.0,2575.0,2350.0,2465.0,2427.0,2495.0,2450.0,2500.0,2500.0,2850.0,2550.0,2300.0,2500.0,2450.0,2395.0,2400.0,2250.0,2300.0,2700.0,2515.0,2500.0,2481.0,2592.0,2400.0,2275.0,2250.0,2350.0,2617.0,2600.0,2600.0,2600.0,2695.0,2595.0,2600.0
Bronx,Bronx,borough,1650.0,1600.0,1595.0,1600.0,1800.0,1650.0,1850.0,2000.0,1800.0,1600.0,1800.0,1700.0,1600.0,1595.0,1600.0,1600.0,1550.0,1450.0,1575.0,1500.0,1450.0,1450.0,1400.0,1400.0,1450.0,1600.0,1595.0,1600.0,1500.0,1450.0,1500.0,1550.0,1450.0,1525.0,1600.0,1500.0,1500.0,1500.0,1500.0,1550.0,1600.0,1600.0,1496.0,1595.0,1500.0,1450.0,1500.0,1575.0,1500.0,1571.0,1600.0,1650.0,1675.0,1725.0,1550.0,1476.0,1450.0,1484.0,1475.0,1450.0,1475.0,1475.0,1500.0,1500.0,1499.0,1500.0,1500.0,1600.0,1600.0,1595.0,1650.0,1620.0,1625.0,1600.0,1580.0,1600.0,1650.0,1700.0,1700.0,1700.0,1700.0,1699.0,1675.0,1700.0,1700.0,1675.0,1750.0,1749.0,1750.0,1750.0,1750.0,1750.0,1750.0,1795.0,1750.0,1750.0,1790.0,1800.0,1860.0,1925.0,1900.0,1940.0,1900.0,1899.0,1949.0,1940.0,1825.0,1850.0,1899.0,1875.0,1890.0,1895.0,1895.0,1899.0,1925.0,1950.0,2000.0,1970.0,1938.0,1920.0,1950.0,1995.0,1995.0,2000.0,1975.0,1979.0,2000.0,1995.0,1995.0,1930.0,1904.0,1900.0,1900.0,1950.0,1904.0,1950.0,2000.0,2000.0,2050.0,2095.0,2010.0,2000.0,2095.0,2100.0,2095.0,2199.0,2200.0,2150.0,2247.0,2247.0,2299.0,2300.0,2300.0,2295.0,2275.0,2250.0,2250.0,2387.0,2300.0,2495.0,2500.0,2599.0,2576.0,2595.0,2650.0,2550.0,2550.0,2500.0,2595.0,2600.0,2600.0,2728.0,2871.0,2844.0,2825.0,2815.0,2865.0,2899.0,2850.0,2875.0,2813.0,2717.0,2800.0,2995.0,3000.0,3050.0,3000.0,3060.0,3000.0,3100.0,3100.0,3060.0,2903.0,3050.0,2900.0,2900.0,2950.0,2995.0
Bronxwood,Bronx,neighborhood,,,,,,,1100.0,1100.0,1100.0,,,,,650.0,650.0,1000.0,1150.0,1150.0,,1050.0,1050.0,990.0,1100.0,990.0,650.0,1150.0,650.0,1400.0,950.0,950.0,1000.0,1050.0,1075.0,1050.0,1050.0,1300.0,1300.0,1300.0,1300.0,1300.0,776.0,776.0,776.0,1300.0,1075.0,1500.0,1300.0,1300.0,1101.0,1100.0,1099.0,1050.0,1101.0,1300.0,1325.0,1215.0,1200.0,1250.0,1225.0,1275.0,1250.0,1200.0,1175.0,1100.0,1650.0,1850.0,1800.0,1350.0,1350.0,1300.0,1650.0,1575.0,1325.0,1300.0,1499.0,1499.0,1650.0,1600.0,1800.0,1750.0,1625.0,1500.0,1450.0,1450.0,1495.0,1550.0,1475.0,1500.0,1650.0,1500.0,1500.0,1600.0,1525.0,1475.0,1500.0,1600.0,1750.0,1600.0,1525.0,1525.0,1750.0,1550.0,1595.0,1575.0,1550.0,1625.0,1595.0,1700.0,1650.0,1595.0,1700.0,1625.0,1750.0,1895.0,1625.0,1750.0,2300.0,1950.0,1700.0,1695.0,1675.0,1625.0,1595.0,1695.0,2050.0,1595.0,1645.0,1725.0,1725.0,1695.0,1545.0,1600.0,1625.0,1545.0,1845.0,1595.0,1695.0,1650.0,1600.0,1650.0,1695.0,1649.0,1875.0,1675.0,1675.0,1800.0,1675.0,2000.0,1995.0,1950.0,1800.0,1750.0,1725.0,1725.0,1800.0,1650.0,1600.0,2000.0,1830.0,2149.0,1700.0,1875.0,2150.0,2075.0,2500.0,2300.0,2200.0,1768.0,2395.0,2395.0,2300.0,1725.0,1650.0,1775.0,1775.0,2443.0,2443.0,1900.0,2128.0,2350.0,1850.0,1897.0,1750.0,2450.0,1790.0,1795.0,2450.0,1800.0,2400.0,1850.0,2500.0,2500.0,1850.0,1850.0,2250.0,2900.0,2195.0,1900.0
Brooklyn,Brooklyn,borough,2200.0,2134.0,2150.0,2150.0,2207.0,2300.0,2350.0,2300.0,2400.0,2400.0,2215.0,2150.0,2100.0,2000.0,2048.0,2100.0,2200.0,2300.0,2350.0,2400.0,2500.0,2465.0,2400.0,2450.0,2495.0,2490.0,2500.0,2500.0,2500.0,2500.0,2500.0,2500.0,2658.0,2641.0,2650.0,2700.0,2500.0,2500.0,2500.0,2500.0,2500.0,2600.0,2650.0,2700.0,2700.0,2645.0,2550.0,2566.0,2515.0,2500.0,2500.0,2550.0,2650.0,2650.0,2640.0,2650.0,2600.0,2500.0,2500.0,2500.0,2500.0,2500.0,2500.0,2555.0,2550.0,2575.0,2600.0,2650.0,2600.0,2595.0,2550.0,2500.0,2600.0,2599.0,2599.0,2600.0,2658.0,2699.0,2699.0,2690.0,2650.0,2600.0,2525.0,2500.0,2500.0,2500.0,2495.0,2500.0,2500.0,2570.0,2600.0,2660.0,2600.0,2536.0,2500.0,2475.0,2450.0,2450.0,2495.0,2500.0,2595.0,2625.0,2699.0,2695.0,2600.0,2550.0,2500.0,2500.0,2500.0,2500.0,2500.0,2595.0,2600.0,2650.0,2700.0,2700.0,2700.0,2696.0,2600.0,2600.0,2600.0,2680.0,2700.0,2767.0,2750.0,2700.0,2700.0,2615.0,2500.0,2450.0,2400.0,2400.0,2395.0,2385.0,2399.0,2400.0,2429.0,2499.0,2599.0,2650.0,2680.0,2600.0,2625.0,2690.0,2725.0,2800.0,2850.0,2950.0,3050.0,3223.0,3400.0,3400.0,3342.0,3250.0,3152.0,3100.0,3200.0,3199.0,3200.0,3300.0,3400.0,3400.0,3500.0,3500.0,3500.0,3400.0,3275.0,3250.0,3300.0,3325.0,3367.0,3483.0,3500.0,3525.0,3595.0,3600.0,3548.0,3500.0,3437.0,3395.0,3400.0,3450.0,3500.0,3599.0,3600.0,3750.0,3800.0,3825.0,3800.0,3750.0,3662.0,3640.0,3629.0,3700.0,3750.0,3815.0,3895.0,3900.0
Brooklyn Heights,Brooklyn,neighborhood,2300.0,2400.0,2400.0,2200.0,2400.0,2200.0,2675.0,2900.0,3000.0,3300.0,2600.0,2650.0,2600.0,3200.0,3200.0,3100.0,2400.0,2800.0,2900.0,3000.0,3000.0,3000.0,2850.0,2750.0,2850.0,2775.0,2700.0,2800.0,2950.0,3200.0,3350.0,3499.0,3499.0,3250.0,3000.0,2700.0,2800.0,3000.0,3300.0,2828.0,3200.0,3100.0,3600.0,3450.0,3380.0,3350.0,3100.0,3104.0,3051.0,3000.0,3000.0,3020.0,3085.0,2900.0,2895.0,3260.0,3100.0,2975.0,3100.0,2885.0,2750.0,2900.0,3000.0,3130.0,2965.0,3000.0,3245.0,3295.0,3200.0,3200.0,3250.0,2950.0,3100.0,3400.0,3200.0,3150.0,3200.0,3150.0,3100.0,3165.0,3483.0,3400.0,3195.0,3400.0,3495.0,3350.0,3200.0,3200.0,3000.0,3100.0,3100.0,2999.0,3020.0,3275.0,3000.0,3100.0,3200.0,3100.0,3000.0,2850.0,2979.0,3100.0,3200.0,3300.0,3500.0,3391.0,3300.0,3250.0,3115.0,3250.0,3500.0,3500.0,3400.0,3500.0,3400.0,3546.0,3700.0,3773.0,3883.0,3800.0,3900.0,3658.0,3586.0,3999.0,3499.0,3212.0,3250.0,3000.0,2995.0,2850.0,2800.0,2800.0,2750.0,2749.0,2700.0,2700.0,2900.0,2895.0,2900.0,3100.0,3450.0,3379.0,3431.0,3600.0,4125.0,3995.0,3666.0,3850.0,4000.0,4035.0,4149.0,4375.0,4850.0,4400.0,4725.0,4650.0,4300.0,4314.0,4100.0,3950.0,4100.0,4300.0,4200.0,4048.0,4500.0,4650.0,4500.0,4303.0,4500.0,4995.0,4485.0,4331.0,4500.0,4500.0,4448.0,4650.0,4695.0,4700.0,4395.0,4700.0,4500.0,4200.0,4690.0,4500.0,4400.0,4640.0,4995.0,4850.0,4600.0,4700.0,4300.0,4450.0,4500.0,4956.0,4919.0,4700.0,4500.0,4885.0
Brookville,Queens,neighborhood,1400.0,2000.0,2000.0,,,,,,,,,,,,,,,,,,,,,,,,,,,1600.0,1600.0,,,,,,,,,,,,,,,,,,,,,,,,,,,,1800.0,,,,,,,2300.0,2300.0,,,,,,1650.0,,,,,,1800.0,1800.0,1800.0,2000.0,2000.0,2000.0,2000.0,,,1950.0,1950.0,2500.0,1950.0,,,,1950.0,1950.0,1950.0,1950.0,,1900.0,,2200.0,2200.0,2500.0,2500.0,2500.0,2400.0,2300.0,2300.0,2300.0,,2200.0,2200.0,2200.0,,,,,,2400.0,2400.0,2600.0,,3300.0,3300.0,3300.0,,,2800.0,2800.0,2650.0,2500.0,,2200.0,,2300.0,2300.0,2250.0,2000.0,2500.0,2300.0,2500.0,1650.0,2300.0,,,3000.0,3000.0,3000.0,,,,1800.0,3000.0,3000.0,3000.0,2800.0,2800.0,2350.0,2800.0,3000.0,2195.0,2650.0,2800.0,3200.0,3200.0,1650.0,,2500.0,2600.0,2600.0,2600.0,3500.0,3500.0,2750.0,2600.0,2700.0,2650.0,1700.0,,2900.0,,,3800.0,3300.0,,3650.0,3650.0,3750.0,,2500.0,2500.0,3499.0,2999.0,2800.0,,3000.0,3000.0
Brownsville,Brooklyn,neighborhood,1450.0,1350.0,1195.0,1350.0,,,1100.0,1100.0,1100.0,,,1400.0,1400.0,1100.0,1500.0,1500.0,1500.0,1500.0,1500.0,1500.0,1050.0,1050.0,1075.0,1050.0,1050.0,1050.0,1100.0,1350.0,1350.0,1350.0,1350.0,1200.0,1000.0,1000.0,1250.0,1250.0,1500.0,1500.0,1525.0,1500.0,1500.0,1500.0,1450.0,1550.0,1450.0,1400.0,1400.0,1400.0,1200.0,1350.0,1350.0,1300.0,1300.0,1400.0,1400.0,1400.0,1450.0,1600.0,1595.0,1500.0,1300.0,1300.0,1350.0,1400.0,1500.0,1575.0,1600.0,1600.0,1600.0,1600.0,1575.0,1700.0,1600.0,1620.0,1650.0,1700.0,1600.0,1800.0,1700.0,1749.0,1700.0,1650.0,1699.0,1795.0,1795.0,1799.0,1700.0,1875.0,1800.0,1800.0,1800.0,1725.0,1725.0,1800.0,1750.0,1700.0,1699.0,1750.0,1825.0,1750.0,1795.0,1800.0,1850.0,1825.0,1900.0,1900.0,1950.0,1950.0,2100.0,2100.0,2100.0,1950.0,2100.0,2350.0,1999.0,1950.0,2000.0,2000.0,1950.0,2000.0,2000.0,1999.0,2000.0,1800.0,1836.0,1900.0,1875.0,2150.0,1995.0,1900.0,2200.0,2200.0,2000.0,1850.0,1975.0,1900.0,1900.0,1900.0,2099.0,2050.0,2050.0,2000.0,2000.0,1975.0,1899.0,1900.0,2100.0,2000.0,2100.0,2200.0,2195.0,2150.0,2100.0,2100.0,2200.0,2200.0,2200.0,2500.0,2200.0,2300.0,2500.0,2350.0,2195.0,2350.0,2400.0,2400.0,2500.0,2200.0,2205.0,2495.0,2500.0,2400.0,2450.0,2200.0,2200.0,2550.0,2800.0,2750.0,2795.0,2750.0,2800.0,2695.0,2500.0,2525.0,2500.0,2400.0,2650.0,2750.0,2999.0,2765.0,2400.0,2550.0,2600.0,2600.0,2600.0,2850.0,2895.0,2550.0
Bushwick,Brooklyn,neighborhood,1599.0,1450.0,1599.0,1950.0,1950.0,1550.0,1550.0,1500.0,1500.0,1500.0,1450.0,1625.0,1695.0,1695.0,1695.0,1695.0,1700.0,1650.0,1850.0,1900.0,1500.0,1700.0,1800.0,1750.0,1725.0,1725.0,1800.0,1895.0,1800.0,1975.0,2000.0,2000.0,2200.0,2000.0,2000.0,2100.0,2150.0,2108.0,2199.0,2337.0,2300.0,2100.0,2200.0,2400.0,2495.0,2500.0,2450.0,2399.0,2300.0,2300.0,2400.0,2450.0,2500.0,2500.0,2500.0,2500.0,2590.0,2400.0,2400.0,2399.0,2450.0,2500.0,2595.0,2500.0,2550.0,2550.0,2600.0,2600.0,2678.0,2650.0,2500.0,2499.0,2599.0,2700.0,2655.0,2600.0,2650.0,2700.0,2695.0,2650.0,2600.0,2500.0,2500.0,2499.0,2450.0,2473.0,2500.0,2550.0,2600.0,2600.0,2650.0,2690.0,2612.0,2539.0,2499.0,2450.0,2450.0,2498.0,2500.0,2583.0,2645.0,2699.0,2700.0,2699.0,2645.0,2575.0,2500.0,2455.0,2500.0,2545.0,2575.0,2658.0,2650.0,2600.0,2750.0,2800.0,2800.0,2800.0,2750.0,2676.0,2799.0,2800.0,2795.0,2749.0,2612.0,2599.0,2600.0,2520.0,2490.0,2375.0,2350.0,2350.0,2350.0,2395.0,2390.0,2400.0,2449.0,2499.0,2650.0,2800.0,2850.0,2800.0,2800.0,2800.0,2900.0,3000.0,3099.0,3150.0,3299.0,3300.0,3400.0,3499.0,3400.0,3267.0,3150.0,3100.0,3099.0,3200.0,3200.0,3250.0,3350.0,3350.0,3400.0,3400.0,3375.0,3300.0,3195.0,3090.0,3199.0,3250.0,3299.0,3399.0,3400.0,3495.0,3499.0,3495.0,3449.0,3300.0,3250.0,3200.0,3250.0,3350.0,3350.0,3475.0,3500.0,3500.0,3550.0,3599.0,3500.0,3496.0,3450.0,3450.0,3450.0,3500.0,3500.0,3650.0,3800.0,3795.0
Cambria Heights,Queens,neighborhood,,,,,,,,,,,,,,,,,,,,,,,,,,,,,,,,,,,,,,,,,,,,,,,,,,,,,,,,,,,,,,,,1300.0,,,,,,,,,2200.0,1500.0,,,1450.0,1450.0,1450.0,1450.0,1450.0,1450.0,1450.0,1450.0,1450.0,,1825.0,1825.0,1825.0,1400.0,1400.0,1900.0,,2595.0,2500.0,2500.0,2500.0,2500.0,2500.0,,,,,,,,1900.0,,2550.0,2550.0,2550.0,2550.0,2550.0,,,,,,,1750.0,,2500.0,,,2200.0,1700.0,1700.0,,,,,,,,4600.0,4600.0,4600.0,,1800.0,1800.0,,2300.0,2300.0,3400.0,,2100.0,2900.0,,,1700.0,,6500.0,3150.0,4500.0,4500.0,3150.0,3050.0,2900.0,2895.0,,2900.0,,,,,3950.0,,,1395.0,1350.0,,,,1300.0,3750.0,,,,2500.0,2500.0,3027.0,2200.0,2200.0,4000.0,4000.0,,,4111.0,4700.0,2100.0,2100.0,2100.0,4200.0,3815.0,3815.0,,3899.0,3899.0
Canarsie,Brooklyn,neighborhood,1650.0,1600.0,1400.0,1400.0,,,,,,1250.0,1800.0,1900.0,1594.0,1594.0,1400.0,1400.0,1400.0,1400.0,1500.0,1400.0,1550.0,1700.0,1800.0,1800.0,1800.0,550.0,550.0,1575.0,1400.0,1350.0,1350.0,1600.0,1400.0,1100.0,1100.0,1525.0,1395.0,1400.0,1300.0,1650.0,1600.0,1500.0,1500.0,1500.0,1595.0,1545.0,1800.0,1199.0,1199.0,1100.0,1250.0,1350.0,1300.0,1400.0,1450.0,1450.0,1600.0,1700.0,1700.0,1800.0,1750.0,1500.0,1550.0,1550.0,1700.0,1800.0,1850.0,1850.0,1850.0,1850.0,1850.0,1800.0,1800.0,1825.0,1800.0,1799.0,1825.0,1800.0,1800.0,1800.0,2000.0,1850.0,1800.0,2000.0,2200.0,1850.0,1750.0,1900.0,2199.0,2100.0,2100.0,1850.0,2099.0,1900.0,2000.0,2000.0,2197.0,2100.0,2000.0,1999.0,2100.0,2200.0,2150.0,2299.0,2200.0,2200.0,2000.0,2000.0,2000.0,1950.0,2200.0,2000.0,2000.0,2200.0,2200.0,2200.0,1925.0,2200.0,2100.0,2100.0,2200.0,2250.0,2350.0,2300.0,2300.0,2200.0,2200.0,2200.0,2400.0,2300.0,2300.0,2245.0,2100.0,2200.0,2100.0,2000.0,2000.0,2100.0,2095.0,2095.0,2095.0,2200.0,2250.0,2399.0,2200.0,2200.0,2300.0,2300.0,2300.0,2250.0,2550.0,2400.0,2300.0,2400.0,2375.0,2300.0,2300.0,2400.0,2599.0,2600.0,2500.0,2600.0,2575.0,2400.0,2500.0,2500.0,2595.0,2500.0,2500.0,2600.0,2700.0,2850.0,2800.0,2700.0,2900.0,2900.0,2800.0,2999.0,2995.0,2885.0,2750.0,2700.0,2699.0,2850.0,2849.0,2700.0,3000.0,2730.0,3000.0,2677.0,3000.0,3000.0,2700.0,2700.0,3000.0,3200.0,3075.0,3450.0
Carroll Gardens,Brooklyn,neighborhood,2300.0,2200.0,2275.0,2150.0,2200.0,2350.0,2400.0,2200.0,2350.0,2300.0,2230.0,2300.0,2350.0,2350.0,2250.0,2400.0,2800.0,2800.0,2550.0,3000.0,3500.0,2800.0,2400.0,2600.0,2700.0,2800.0,3800.0,3800.0,3600.0,3462.0,2850.0,3750.0,3600.0,3500.0,3200.0,3000.0,2950.0,2750.0,2900.0,3200.0,2800.0,2900.0,3000.0,3500.0,3300.0,3100.0,3499.0,3400.0,2800.0,2600.0,2800.0,2800.0,2950.0,2995.0,2800.0,2850.0,3100.0,3200.0,3250.0,3000.0,2900.0,2800.0,2900.0,3000.0,3000.0,3150.0,3100.0,3100.0,3200.0,3000.0,3100.0,3000.0,3000.0,2995.0,2995.0,3000.0,3000.0,3000.0,3200.0,3000.0,3000.0,3100.0,2999.0,2900.0,2999.0,2800.0,2800.0,2895.0,2900.0,2800.0,2900.0,2900.0,2800.0,2950.0,2900.0,2900.0,2895.0,2900.0,2825.0,3000.0,3250.0,3000.0,2999.0,3000.0,3000.0,2990.0,2900.0,3200.0,3000.0,2900.0,2700.0,2850.0,2900.0,2950.0,3200.0,3400.0,3675.0,3450.0,3100.0,3150.0,3150.0,3200.0,3250.0,3300.0,3500.0,3200.0,3000.0,3000.0,2900.0,2800.0,2700.0,2500.0,2500.0,2500.0,2595.0,2600.0,2600.0,2850.0,2900.0,3200.0,3000.0,3100.0,3800.0,3500.0,3400.0,3400.0,3500.0,4000.0,4000.0,4250.0,4550.0,4500.0,4500.0,4700.0,4740.0,4650.0,4250.0,4795.0,4750.0,4950.0,4575.0,4200.0,4695.0,4900.0,4700.0,4492.0,4250.0,4400.0,4250.0,4200.0,4200.0,4500.0,4700.0,5000.0,4500.0,4600.0,4500.0,4525.0,4500.0,4400.0,4400.0,4250.0,4500.0,4500.0,4999.0,5000.0,4950.0,4950.0,4950.0,4500.0,4995.0,4999.0,5000.0,5500.0,4995.0,5500.0,6000.0,5750.0
Castle Hill,Bronx,neighborhood,,,,,,,,,1900.0,1900.0,1900.0,,,,,,1400.0,1400.0,1400.0,,,,,,1350.0,1350.0,1350.0,,,,,1550.0,1550.0,1285.0,1285.0,1285.0,,1250.0,1150.0,1150.0,,,,,,,,,,,,,,,1200.0,1200.0,,,1800.0,1463.0,1495.0,1450.0,1450.0,1450.0,1450.0,1300.0,1300.0,1500.0,1500.0,1300.0,1300.0,1450.0,1450.0,1425.0,1295.0,1450.0,1450.0,1475.0,1475.0,1475.0,1475.0,1475.0,1500.0,1650.0,1795.0,1495.0,1775.0,1700.0,1700.0,1495.0,1550.0,1500.0,1650.0,1900.0,1900.0,1800.0,1800.0,1700.0,2000.0,1700.0,1500.0,1500.0,1800.0,1750.0,1750.0,1799.0,2200.0,2100.0,2100.0,2100.0,1575.0,1775.0,1800.0,2300.0,1500.0,2600.0,1875.0,1725.0,1695.0,2000.0,2300.0,2200.0,2200.0,,1550.0,2300.0,2350.0,2250.0,2250.0,2250.0,2250.0,2250.0,2200.0,2200.0,2200.0,1795.0,2200.0,2250.0,2700.0,1700.0,2400.0,2450.0,1895.0,1600.0,2600.0,2400.0,2250.0,2250.0,2050.0,2100.0,2050.0,2300.0,1700.0,1900.0,1725.0,1725.0,2000.0,2600.0,2700.0,1995.0,1925.0,2495.0,2595.0,3084.0,,2250.0,2275.0,2275.0,1800.0,1800.0,1650.0,2000.0,1600.0,2495.0,2695.0,2695.0,2695.0,1810.0,2250.0,2250.0,1675.0,2025.0,2027.0,1670.0,,2295.0,1995.0,,1900.0,3995.0,3995.0,2270.0,3200.0,2330.0,2330.0,,1900.0,1850.0
Central Harlem,Manhattan,neighborhood,1975.0,1990.0,1895.0,1875.0,1950.0,1975.0,1900.0,1850.0,1895.0,1875.0,1835.0,1800.0,1800.0,1800.0,1925.0,1995.0,2100.0,2100.0,2200.0,2150.0,2100.0,2150.0,2200.0,2000.0,2000.0,2000.0,2100.0,2200.0,2100.0,2100.0,2300.0,2300.0,2250.0,2100.0,2150.0,2063.0,2100.0,2050.0,2100.0,2150.0,2199.0,2200.0,2250.0,2349.0,2350.0,2200.0,2275.0,2200.0,2150.0,2100.0,2000.0,2100.0,2200.0,2150.0,2200.0,2300.0,2300.0,2400.0,2400.0,2400.0,2400.0,2400.0,2400.0,2400.0,2300.0,2322.0,2300.0,2395.0,2400.0,2400.0,2350.0,2400.0,2495.0,2400.0,2450.0,2500.0,2500.0,2500.0,2500.0,2525.0,2595.0,2595.0,2575.0,2535.0,2500.0,2450.0,2395.0,2400.0,2429.0,2450.0,2500.0,2550.0,2500.0,2450.0,2400.0,2400.0,2400.0,2450.0,2500.0,2595.0,2500.0,2500.0,2550.0,2600.0,2500.0,2475.0,2400.0,2400.0,2400.0,2460.0,2495.0,2580.0,2650.0,2700.0,2675.0,2695.0,2600.0,2550.0,2550.0,2500.0,2500.0,2499.0,2500.0,2550.0,2607.0,2650.0,2600.0,2500.0,2450.0,2395.0,2390.0,2350.0,2299.0,2299.0,2300.0,2295.0,2300.0,2400.0,2461.0,2425.0,2490.0,2450.0,2400.0,2475.0,2500.0,2540.0,2592.0,2650.0,2700.0,2995.0,3100.0,3000.0,2900.0,2850.0,2900.0,2900.0,2900.0,2975.0,3000.0,3150.0,3095.0,3195.0,3200.0,3100.0,3000.0,2995.0,2995.0,3000.0,3000.0,3100.0,3100.0,3200.0,3200.0,3200.0,3250.0,3200.0,3200.0,3013.0,3000.0,3013.0,3000.0,3000.0,3100.0,3199.0,3290.0,3400.0,3500.0,3475.0,3500.0,3425.0,3300.0,3250.0,3295.0,3200.0,3250.0,3450.0,3500.0,3600.0
Central Park South,Manhattan,neighborhood,6100.0,6000.0,5500.0,6200.0,5950.0,5650.0,5500.0,5500.0,5800.0,5800.0,5500.0,5000.0,5000.0,5900.0,5500.0,5500.0,6500.0,5000.0,4750.0,5000.0,5950.0,5750.0,6500.0,6350.0,6500.0,6500.0,6100.0,6100.0,5500.0,5800.0,6350.0,6250.0,6500.0,6500.0,7000.0,6500.0,6950.0,7195.0,7500.0,7850.0,7250.0,7000.0,7850.0,7800.0,8200.0,7500.0,7000.0,7500.0,7750.0,7750.0,5950.0,6000.0,6800.0,6500.0,7000.0,7500.0,7500.0,7750.0,7500.0,7500.0,7500.0,7875.0,7850.0,7500.0,7250.0,7000.0,7500.0,8200.0,8000.0,8300.0,8200.0,7875.0,7900.0,7500.0,7850.0,7875.0,7600.0,7600.0,7400.0,6995.0,7800.0,7820.0,7850.0,8000.0,7850.0,7500.0,7475.0,7000.0,7015.0,7820.0,7500.0,7500.0,7800.0,7825.0,7250.0,6800.0,7500.0,7650.0,7650.0,7500.0,6800.0,6800.0,7950.0,7500.0,8000.0,7820.0,9500.0,7950.0,7600.0,7450.0,7400.0,7450.0,6700.0,6923.0,6800.0,6900.0,6900.0,7600.0,7450.0,7500.0,7650.0,7950.0,8000.0,8500.0,7500.0,7246.0,6250.0,6185.0,6323.0,6500.0,6850.0,6500.0,6800.0,7000.0,6800.0,6800.0,6800.0,7200.0,7400.0,7250.0,8000.0,8500.0,8500.0,8500.0,7500.0,7450.0,8500.0,8250.0,8500.0,9000.0,11000.0,9500.0,11000.0,11000.0,10000.0,9350.0,11000.0,11000.0,8280.0,9000.0,10775.0,10700.0,10500.0,10500.0,12500.0,12250.0,10995.0,10200.0,9995.0,10000.0,10200.0,8500.0,11950.0,9000.0,8300.0,7950.0,7000.0,7500.0,8500.0,11000.0,8500.0,9200.0,8500.0,8500.0,8900.0,9000.0,9300.0,11000.0,10000.0,13287.0,14000.0,14000.0,12500.0,11850.0,12000.0,10000.0,12500.0,12500.0
Chelsea,Manhattan,neighborhood,3200.0,3320.0,3200.0,3200.0,3200.0,3395.0,3400.0,3450.0,3595.0,3630.0,3600.0,3395.0,3295.0,3250.0,3400.0,3495.0,3495.0,3500.0,3500.0,3500.0,3650.0,3995.0,3850.0,3600.0,3550.0,3625.0,3675.0,3695.0,3825.0,3900.0,3700.0,3700.0,3850.0,3700.0,3900.0,3900.0,3750.0,3795.0,3700.0,3800.0,3800.0,3795.0,3795.0,3845.0,3900.0,3950.0,3800.0,3800.0,3795.0,3800.0,3795.0,3825.0,3850.0,3875.0,3845.0,3895.0,3950.0,3850.0,3800.0,3900.0,3915.0,3850.0,3920.0,4050.0,4150.0,4200.0,4200.0,4200.0,4200.0,4200.0,4066.0,4000.0,3955.0,3920.0,3975.0,4050.0,4200.0,4302.0,4200.0,4050.0,4120.0,4095.0,4030.0,3950.0,3970.0,3995.0,3990.0,3975.0,3995.0,3975.0,3985.0,3850.0,3895.0,3995.0,3995.0,3950.0,3950.0,3995.0,4000.0,3995.0,4035.0,4095.0,4050.0,4135.0,4169.0,4170.0,4056.0,4055.0,4020.0,4295.0,4150.0,4250.0,4350.0,4495.0,4495.0,4455.0,4395.0,4375.0,4350.0,4270.0,4200.0,4350.0,4460.0,4246.0,4005.0,3977.0,3750.0,3649.0,3436.0,3385.0,3313.0,3400.0,3338.0,3475.0,3570.0,3500.0,3654.0,3850.0,4195.0,4495.0,4695.0,4700.0,4840.0,4650.0,4852.0,4864.0,4995.0,5195.0,5200.0,5200.0,5271.0,5295.0,5395.0,5473.0,5200.0,5075.0,5154.0,5367.0,5150.0,5195.0,5540.0,5495.0,5495.0,5408.0,5350.0,5100.0,5040.0,5200.0,5280.0,5495.0,5500.0,5200.0,5467.0,5600.0,5500.0,5495.0,5500.0,5380.0,5300.0,5350.0,5350.0,5569.0,5600.0,5695.0,5560.0,5690.0,5850.0,5869.0,5795.0,5695.0,5500.0,5589.0,5630.0,5795.0,5954.0,5995.0,6142.0,6131.0
Chinatown,Manhattan,neighborhood,2995.0,2750.0,2300.0,2000.0,2300.0,2300.0,2500.0,2700.0,2800.0,2500.0,3166.0,3500.0,3450.0,2950.0,2950.0,2500.0,2650.0,2950.0,2500.0,2450.0,2550.0,2500.0,2450.0,2500.0,3200.0,2700.0,2600.0,2550.0,2600.0,2400.0,2600.0,3000.0,2900.0,2700.0,2500.0,2395.0,2700.0,2700.0,2700.0,2800.0,3100.0,2700.0,2600.0,2600.0,3100.0,2950.0,2600.0,2600.0,2800.0,2500.0,2500.0,2600.0,2850.0,3495.0,2850.0,2800.0,3300.0,3000.0,3000.0,2800.0,2700.0,2800.0,2750.0,2800.0,3000.0,3250.0,2800.0,3000.0,2900.0,2700.0,2750.0,3275.0,2650.0,2650.0,2700.0,2900.0,2800.0,2800.0,2800.0,2850.0,3000.0,3000.0,2975.0,3000.0,2800.0,2800.0,2700.0,2875.0,3000.0,2850.0,2995.0,2750.0,2795.0,2700.0,2695.0,2800.0,2635.0,2700.0,2695.0,2600.0,2900.0,2850.0,2700.0,2800.0,2895.0,2550.0,2800.0,2799.0,2700.0,2800.0,2600.0,2750.0,2750.0,3000.0,3000.0,2600.0,2500.0,3000.0,2950.0,3250.0,3300.0,2700.0,3075.0,3000.0,2995.0,2995.0,2795.0,2650.0,2450.0,2250.0,2200.0,2100.0,2050.0,2300.0,2295.0,2400.0,2300.0,2395.0,2395.0,2500.0,2750.0,2900.0,2650.0,2450.0,2800.0,2995.0,3195.0,3000.0,3200.0,3500.0,3000.0,3000.0,3000.0,3175.0,2995.0,2870.0,2700.0,3095.0,3200.0,3295.0,3400.0,3300.0,3300.0,3395.0,3200.0,3300.0,3195.0,3195.0,2995.0,2595.0,3000.0,3500.0,3800.0,3200.0,3450.0,3200.0,3300.0,3450.0,3150.0,3150.0,3069.0,3000.0,3300.0,3500.0,3600.0,4200.0,3800.0,3550.0,3800.0,4000.0,4300.0,3975.0,3700.0,3995.0,4195.0,4000.0,4000.0,4380.0
City Island,Bronx,neighborhood,,,,,,,,,,,,,,,,,,,,,,,,,,,,,,,,,2300.0,2300.0,2300.0,2300.0,2300.0,2300.0,2300.0,2300.0,2300.0,,,2400.0,2300.0,,,,,2200.0,2200.0,2200.0,,,,2650.0,2650.0,3600.0,3000.0,3000.0,1295.0,1295.0,1295.0,1295.0,1195.0,,,,,3200.0,3200.0,3000.0,2200.0,1650.0,1650.0,2300.0,2300.0,2350.0,2100.0,2100.0,,1500.0,2200.0,2200.0,2100.0,2100.0,2100.0,2100.0,2100.0,1500.0,1500.0,3800.0,,,,,,2800.0,2800.0,,,,2500.0,2500.0,2500.0,2500.0,1495.0,1395.0,1295.0,1295.0,2700.0,1395.0,2700.0,2500.0,2500.0,3000.0,,1260.0,,1395.0,1395.0,1270.0,1269.0,1750.0,,1750.0,1700.0,,4500.0,4500.0,,,,,,,,,,,2500.0,2500.0,3000.0,1271.0,,3000.0,3000.0,2950.0,,,,,,,2700.0,3000.0,,,,3850.0,2250.0,3175.0,3175.0,2300.0,2300.0,3100.0,3100.0,4750.0,2795.0,2795.0,4720.0,,,,,3600.0,3600.0,1600.0,1600.0,4500.0,4500.0,4500.0,,4875.0,4050.0,4050.0,,2800.0,2800.0,2800.0,2800.0,2800.0,1575.0,1550.0,1550.0,3600.0,2850.0,3600.0
Civic Center,Manhattan,neighborhood,,,,,3900.0,3900.0,3900.0,3800.0,3800.0,,,3000.0,3000.0,3000.0,3000.0,3000.0,1750.0,1750.0,1750.0,,,,,,,,2295.0,2195.0,2175.0,2550.0,2550.0,2000.0,2000.0,2000.0,,,,,,,3500.0,3500.0,3500.0,4300.0,3975.0,2995.0,3850.0,3850.0,3000.0,2800.0,2800.0,4300.0,4300.0,4300.0,,,,3500.0,2850.0,2850.0,2850.0,2850.0,,,,,2900.0,2900.0,2900.0,,,,,,,,,,2950.0,2950.0,2800.0,2800.0,2800.0,2800.0,2800.0,,,,3750.0,3800.0,5100.0,3850.0,4845.0,3494.0,2995.0,2995.0,4900.0,4500.0,4500.0,3550.0,3550.0,,,,,,,,,,,3750.0,5279.0,3500.0,,2900.0,3995.0,2600.0,3995.0,3995.0,3995.0,4100.0,,,,2600.0,2600.0,3700.0,3500.0,3500.0,3500.0,,,,,,,,3900.0,,,4600.0,4600.0,,,,,,,,,,7000.0,7000.0,,,7500.0,,6895.0,,,,,,,5200.0,5200.0,5200.0,,,,,,,,,,,,,,2800.0,6500.0,,,,,,,,,,,,,,,
Clearview,Queens,neighborhood,2025.0,2000.0,2000.0,2000.0,1865.0,1865.0,1865.0,1865.0,1865.0,1865.0,1865.0,1350.0,1350.0,1865.0,1300.0,1400.0,1700.0,1700.0,1700.0,1865.0,1865.0,1865.0,1865.0,1865.0,1865.0,,,1700.0,1700.0,,,,,,,,,,,,1700.0,,,,2700.0,2700.0,2450.0,2300.0,,,1600.0,1800.0,1800.0,1700.0,1800.0,1700.0,1700.0,1700.0,1700.0,2300.0,1800.0,1800.0,2400.0,,2100.0,2100.0,2100.0,2100.0,,,,,2700.0,2500.0,2500.0,,1800.0,2000.0,2300.0,2300.0,2400.0,2300.0,2300.0,2050.0,2050.0,2100.0,2100.0,2450.0,2300.0,2600.0,2475.0,,3900.0,2500.0,2500.0,2100.0,2100.0,2700.0,2400.0,,,,2500.0,2400.0,2400.0,,3100.0,1950.0,2149.0,2400.0,2700.0,2700.0,2950.0,2950.0,2995.0,1995.0,1899.0,2100.0,2095.0,2650.0,2250.0,2600.0,2525.0,2525.0,1950.0,2200.0,2395.0,2200.0,2150.0,2500.0,2300.0,2300.0,2175.0,2500.0,2500.0,,,2750.0,,,1350.0,2395.0,2195.0,1695.0,2625.0,2295.0,2295.0,2150.0,2095.0,2150.0,2495.0,2350.0,2850.0,2600.0,1900.0,2300.0,2350.0,1895.0,2600.0,2595.0,2600.0,2650.0,2550.0,2695.0,2500.0,2445.0,2400.0,2995.0,2995.0,2495.0,2395.0,2500.0,1500.0,2650.0,3000.0,3000.0,3200.0,3200.0,3050.0,3000.0,2225.0,2800.0,3000.0,2900.0,2875.0,2995.0,2875.0,2875.0,2950.0,2925.0,2650.0,2295.0,,,,,3249.0,3000.0
Clinton Hill,Brooklyn,neighborhood,2000.0,1900.0,1950.0,2000.0,2100.0,1800.0,1800.0,2000.0,2233.0,2200.0,2050.0,2050.0,2150.0,2269.0,2300.0,2325.0,2350.0,2308.0,2300.0,2400.0,2575.0,2600.0,2500.0,2595.0,2600.0,2650.0,2650.0,2698.0,2525.0,2600.0,2650.0,3000.0,3000.0,3000.0,3000.0,2950.0,2595.0,2650.0,2600.0,2700.0,2700.0,2795.0,2600.0,2550.0,2600.0,2600.0,2750.0,2800.0,2800.0,2650.0,2650.0,2698.0,2800.0,2848.0,2800.0,2950.0,2850.0,2750.0,2650.0,2743.0,2713.0,2769.0,2895.0,2800.0,2800.0,2695.0,2700.0,2799.0,2995.0,2800.0,2800.0,2750.0,2700.0,2795.0,2800.0,2750.0,2750.0,2750.0,2750.0,2800.0,2850.0,2850.0,2800.0,2750.0,2750.0,2750.0,2794.0,2700.0,2850.0,2850.0,2895.0,2700.0,2650.0,2850.0,2735.0,2734.0,2715.0,2600.0,2657.0,2792.0,2879.0,2900.0,2850.0,2800.0,2750.0,2700.0,2700.0,2750.0,2977.0,2950.0,3000.0,2995.0,3195.0,3258.0,3100.0,3117.0,2995.0,3140.0,3000.0,3000.0,2999.0,3100.0,2995.0,3000.0,2999.0,2995.0,2900.0,2850.0,2750.0,2650.0,2650.0,2600.0,2600.0,2595.0,2595.0,2650.0,2690.0,2700.0,2850.0,3109.0,3055.0,3000.0,2900.0,3025.0,3525.0,3525.0,3348.0,3400.0,3500.0,3626.0,3800.0,4050.0,4025.0,3995.0,3995.0,3800.0,3775.0,3766.0,3845.0,3900.0,3900.0,3932.0,4038.0,4038.0,4038.0,3800.0,3850.0,3750.0,3850.0,3800.0,3790.0,3825.0,3827.0,3875.0,3900.0,3995.0,3800.0,3750.0,3790.0,3700.0,3800.0,3900.0,4000.0,3950.0,3850.0,3895.0,4175.0,4000.0,4195.0,4000.0,3999.0,3850.0,3800.0,3900.0,4195.0,4195.0,4300.0,4500.0
Co-op City,Bronx,neighborhood,,,,,,,,,,,,,,,,,,,,,,,,,,,,,,,,,,,1500.0,1500.0,1500.0,1500.0,,,,,,,,,2200.0,2200.0,2200.0,2200.0,,,,,,,,,,,,,,1500.0,1500.0,1500.0,,,,,,,,,,,,,,,,,,,,,,,,,,,,,,,4000.0,4000.0,,,,,,,,,,,,,,,,,,,,,,,,,,,,,,,,,,,,,,,,,,,,2995.0,2750.0,2750.0,2100.0,2200.0,,,,,,,,,2200.0,2200.0,2600.0,,,,,,1700.0,1700.0,1700.0,,,,,,,,,,,,,2750.0,,,,,,3300.0,3200.0,,,,,,,,,,,,,
Cobble Hill,Brooklyn,neighborhood,1900.0,2300.0,2200.0,2300.0,2340.0,2250.0,2425.0,2600.0,2600.0,2400.0,2600.0,2300.0,2400.0,2400.0,2500.0,2800.0,2870.0,2750.0,2750.0,3100.0,3370.0,3000.0,3200.0,3200.0,2900.0,2900.0,3000.0,2850.0,2795.0,2580.0,2800.0,3100.0,2950.0,2670.0,3000.0,3000.0,3000.0,2800.0,2850.0,3100.0,3100.0,3700.0,3300.0,3100.0,3150.0,3000.0,2950.0,2800.0,2900.0,3200.0,2810.0,2800.0,3100.0,3400.0,3375.0,3350.0,3100.0,3100.0,3100.0,3100.0,2950.0,2900.0,2990.0,3200.0,3200.0,3150.0,3300.0,3495.0,3500.0,3500.0,3300.0,3235.0,3230.0,3250.0,3200.0,3250.0,3400.0,3250.0,3250.0,3500.0,3150.0,3300.0,3100.0,2900.0,2815.0,2844.0,2775.0,2700.0,3000.0,3000.0,3050.0,3300.0,3200.0,3200.0,3040.0,3100.0,3200.0,2900.0,2900.0,3100.0,3200.0,3200.0,3325.0,3500.0,3475.0,3100.0,3277.0,3200.0,3200.0,3350.0,3200.0,3195.0,3200.0,3250.0,3799.0,3800.0,3662.0,3625.0,3500.0,3700.0,3125.0,3525.0,3500.0,3662.0,3500.0,3250.0,3100.0,2995.0,2900.0,2800.0,2800.0,2850.0,2800.0,2750.0,2800.0,2650.0,2800.0,2600.0,2850.0,3200.0,3400.0,3350.0,3250.0,3800.0,3250.0,4300.0,3695.0,3995.0,5200.0,5000.0,5000.0,4695.0,4800.0,4350.0,4420.0,4050.0,4200.0,4350.0,4500.0,4100.0,4500.0,4295.0,4850.0,5000.0,5500.0,4500.0,4250.0,4200.0,4200.0,4150.0,4500.0,4250.0,3800.0,3900.0,4500.0,4175.0,4000.0,4446.0,4375.0,4250.0,3795.0,4195.0,4500.0,4300.0,4700.0,4990.0,4895.0,4650.0,4500.0,4950.0,4700.0,4400.0,4250.0,4995.0,4950.0,5549.0,5399.0,4700.0
College Point,Queens,neighborhood,1600.0,1400.0,1400.0,1400.0,,,,,,,,,,1800.0,1800.0,1800.0,1800.0,1650.0,1650.0,1650.0,1650.0,1650.0,1325.0,1325.0,1600.0,1450.0,4200.0,1450.0,1450.0,1450.0,1450.0,1450.0,1675.0,1700.0,1700.0,1700.0,1700.0,1700.0,1800.0,1800.0,,,1650.0,1650.0,1400.0,1400.0,1650.0,1650.0,1650.0,1650.0,1150.0,1700.0,1700.0,1700.0,1700.0,2000.0,2000.0,2000.0,1400.0,2000.0,1500.0,,1400.0,2400.0,1800.0,2500.0,2100.0,2100.0,,2000.0,2000.0,2000.0,2000.0,1900.0,1900.0,1900.0,2000.0,2000.0,2100.0,2000.0,1850.0,1850.0,1850.0,2200.0,2300.0,1800.0,1795.0,1900.0,2200.0,2200.0,2200.0,1999.0,2300.0,2100.0,2400.0,2400.0,2400.0,1800.0,1650.0,2200.0,2250.0,2000.0,1950.0,2000.0,2200.0,2000.0,2300.0,2150.0,2200.0,1900.0,2300.0,2300.0,2100.0,2100.0,2100.0,1575.0,1575.0,2100.0,1849.0,1900.0,1750.0,1750.0,1650.0,1650.0,2400.0,1900.0,1900.0,1650.0,2200.0,2200.0,1750.0,1650.0,2000.0,1900.0,1850.0,2000.0,2400.0,2400.0,1750.0,1700.0,2300.0,2650.0,2200.0,1650.0,2000.0,1650.0,1900.0,1950.0,2100.0,2300.0,2000.0,2400.0,2400.0,2500.0,2700.0,2500.0,2400.0,2500.0,2500.0,2350.0,2200.0,2250.0,2350.0,2500.0,2100.0,2200.0,2750.0,2800.0,2995.0,3400.0,2550.0,2500.0,2800.0,2800.0,2980.0,2300.0,3200.0,2300.0,3250.0,3200.0,2600.0,2400.0,2400.0,2850.0,2800.0,2250.0,2300.0,3000.0,3000.0,3100.0,2800.0,2750.0,2900.0,2700.0,2600.0,2600.0,3000.0,2600.0
Columbia St Waterfront District,Brooklyn,neighborhood,2000.0,1900.0,1875.0,2000.0,2500.0,2500.0,2500.0,2400.0,2500.0,2600.0,2000.0,1750.0,2000.0,2200.0,2200.0,2200.0,2200.0,2200.0,2500.0,2800.0,2650.0,2600.0,2900.0,2600.0,2400.0,2400.0,2500.0,2850.0,2700.0,2500.0,2500.0,2500.0,2500.0,3000.0,2800.0,2850.0,2475.0,2500.0,2700.0,3000.0,3000.0,3300.0,3500.0,3500.0,2600.0,2500.0,2700.0,2500.0,2750.0,2600.0,2800.0,2700.0,2800.0,3000.0,2750.0,2400.0,2100.0,2100.0,2700.0,2700.0,2800.0,2795.0,2750.0,3000.0,2950.0,2575.0,2600.0,2500.0,2800.0,2850.0,2900.0,2800.0,2850.0,2950.0,3000.0,2900.0,2900.0,2999.0,3100.0,3000.0,3000.0,2895.0,2895.0,2600.0,2800.0,2595.0,2750.0,2500.0,2520.0,2699.0,2750.0,2750.0,2750.0,2800.0,2795.0,2750.0,2700.0,2700.0,2383.0,2500.0,3100.0,3200.0,3150.0,2999.0,2975.0,2800.0,2800.0,2700.0,2800.0,2850.0,2500.0,2600.0,3100.0,2999.0,2999.0,3200.0,3200.0,3000.0,3000.0,2500.0,2900.0,3200.0,3000.0,3950.0,2800.0,2800.0,3000.0,3000.0,2900.0,2700.0,2515.0,2500.0,2500.0,2500.0,2530.0,2500.0,2300.0,2350.0,2500.0,2300.0,2900.0,2700.0,2895.0,3200.0,2975.0,3150.0,3000.0,3600.0,3600.0,4000.0,3400.0,3500.0,4100.0,3900.0,4400.0,3400.0,3950.0,3495.0,3495.0,3200.0,4100.0,4350.0,4745.0,4200.0,3875.0,3650.0,3100.0,3100.0,4600.0,4300.0,3500.0,3500.0,3500.0,4000.0,4200.0,3900.0,3300.0,3800.0,3599.0,3600.0,3000.0,3600.0,4350.0,3750.0,4995.0,3999.0,3650.0,3500.0,4400.0,3695.0,3500.0,3750.0,3600.0,4000.0,4000.0,4350.0,4300.0,4500.0
Concourse,Bronx,neighborhood,1595.0,1500.0,1495.0,1250.0,1200.0,1495.0,1495.0,1400.0,1500.0,1495.0,1500.0,1500.0,1375.0,1300.0,1500.0,1500.0,1300.0,1350.0,1350.0,1475.0,1325.0,1099.0,1199.0,1100.0,1325.0,1350.0,1300.0,1300.0,1400.0,1450.0,1500.0,1500.0,1399.0,1395.0,1395.0,1399.0,1400.0,1400.0,1400.0,1400.0,1400.0,1400.0,1595.0,1500.0,1495.0,1350.0,1395.0,1499.0,1450.0,1400.0,1532.0,1425.0,1485.0,1250.0,1400.0,1400.0,1500.0,1500.0,1450.0,1350.0,1250.0,1400.0,1400.0,1350.0,1450.0,1600.0,1525.0,1500.0,1600.0,1595.0,1550.0,1450.0,1500.0,1600.0,1495.0,1550.0,1525.0,1650.0,1650.0,1599.0,1650.0,1600.0,1525.0,1525.0,1525.0,1495.0,1674.0,1675.0,1650.0,1550.0,1600.0,1675.0,1695.0,1799.0,1650.0,1600.0,1595.0,1850.0,1700.0,1850.0,1800.0,1795.0,1750.0,1774.0,1695.0,1700.0,1675.0,1750.0,1800.0,1695.0,1700.0,1800.0,1800.0,1690.0,1750.0,1700.0,1700.0,1700.0,1700.0,1825.0,1800.0,1805.0,1895.0,1950.0,1895.0,1800.0,1700.0,1750.0,1749.0,1700.0,1650.0,1644.0,1800.0,1900.0,1800.0,1900.0,1950.0,1945.0,1975.0,1858.0,1830.0,1850.0,1995.0,1795.0,1795.0,1773.0,1800.0,1800.0,1895.0,1902.0,1895.0,1981.0,1981.0,2195.0,1919.0,2050.0,1950.0,1980.0,1980.0,2150.0,2195.0,1995.0,1995.0,2050.0,2000.0,2000.0,2007.0,2062.0,2250.0,2395.0,2200.0,2374.0,2599.0,2500.0,2541.0,2500.0,2475.0,2500.0,2495.0,2350.0,2395.0,2550.0,2400.0,2425.0,2450.0,2550.0,2495.0,2395.0,2500.0,2500.0,2100.0,2300.0,2195.0,2050.0,2050.0,2300.0,2400.0,2845.0
Coney Island,Brooklyn,neighborhood,1700.0,2000.0,2000.0,,,,,,,,,,,1100.0,,,,,,,,,,1575.0,1575.0,1550.0,1550.0,1550.0,1850.0,1850.0,1950.0,1900.0,1900.0,1900.0,1900.0,1600.0,1600.0,1950.0,1850.0,1980.0,1850.0,1850.0,1850.0,1558.0,1475.0,1475.0,1450.0,1600.0,1600.0,1700.0,1850.0,1675.0,1550.0,1500.0,1675.0,2350.0,2100.0,2100.0,2100.0,2325.0,2000.0,1950.0,1950.0,1950.0,1999.0,2000.0,2198.0,2050.0,1995.0,2000.0,2000.0,2075.0,2250.0,2150.0,2200.0,2150.0,2199.0,1971.0,2199.0,2200.0,2250.0,2200.0,2200.0,2350.0,2300.0,2300.0,2199.0,2199.0,2125.0,2099.0,2100.0,1949.0,2200.0,2200.0,2195.0,2199.0,2050.0,2100.0,2099.0,2200.0,2250.0,2250.0,2250.0,2200.0,2250.0,2300.0,2250.0,2250.0,2250.0,2199.0,2100.0,2075.0,2199.0,2200.0,2325.0,2300.0,2252.0,2150.0,2175.0,2300.0,2325.0,2500.0,2399.0,2250.0,2250.0,2250.0,2250.0,2300.0,2330.0,2306.0,2271.0,2271.0,2239.0,2119.0,2119.0,2099.0,2150.0,2119.0,2142.0,2213.0,2157.0,2250.0,2350.0,2096.0,2381.0,2250.0,2200.0,2300.0,2134.0,2300.0,2450.0,2450.0,2938.0,2968.0,3350.0,3071.0,2505.0,2415.0,2460.0,2300.0,2478.0,2708.0,2718.0,2885.0,2995.0,3240.0,2885.0,3000.0,3000.0,3103.0,2800.0,3053.0,3219.0,3135.0,3213.0,3145.0,3125.0,3135.0,3233.0,3450.0,3339.0,3330.0,3370.0,3395.0,3399.0,3295.0,3390.0,3255.0,3250.0,3175.0,3220.0,3250.0,3395.0,3395.0,3300.0,3300.0,3295.0,3275.0
Corona,Queens,neighborhood,1100.0,1095.0,1095.0,1095.0,1150.0,1150.0,1150.0,1150.0,1150.0,1150.0,1150.0,1150.0,1150.0,1150.0,1575.0,1390.0,1575.0,1575.0,1575.0,1698.0,950.0,950.0,950.0,1500.0,1300.0,1400.0,1100.0,1100.0,1350.0,1350.0,1350.0,1450.0,1400.0,1350.0,1350.0,1950.0,1345.0,1250.0,1200.0,1950.0,1650.0,1200.0,1300.0,1300.0,1300.0,1875.0,1875.0,2200.0,1350.0,1350.0,1350.0,1500.0,1500.0,1493.0,1500.0,1500.0,1395.0,1425.0,1650.0,1550.0,1525.0,1500.0,1550.0,1625.0,1650.0,1625.0,1650.0,1650.0,1650.0,1695.0,1650.0,1825.0,1825.0,1875.0,1715.0,1805.0,1790.0,1770.0,1715.0,1895.0,1925.0,2050.0,1900.0,1865.0,1865.0,1745.0,1805.0,1840.0,1890.0,1890.0,1975.0,1830.0,1785.0,1830.0,1930.0,1925.0,1910.0,1830.0,1810.0,1745.0,1650.0,2100.0,2350.0,2350.0,2280.0,1955.0,2150.0,2150.0,2365.0,2155.0,2050.0,2255.0,2230.0,2305.0,2250.0,2267.0,1849.0,1858.0,1929.0,1971.0,2095.0,1958.0,1929.0,1886.0,1881.0,1860.0,1906.0,1904.0,1836.0,1811.0,1809.0,1729.0,1836.0,1905.0,2096.0,1815.0,1800.0,1823.0,1911.0,1950.0,1936.0,1750.0,1925.0,2178.0,2125.0,2045.0,1978.0,2060.0,2175.0,2306.0,2462.0,2324.0,2500.0,2505.0,2324.0,2407.0,2504.0,2500.0,2591.0,2511.0,2695.0,2595.0,2500.0,2750.0,2620.0,2695.0,2833.0,2700.0,2525.0,2500.0,2650.0,3323.0,3218.0,2927.0,2727.0,2815.0,2915.0,3160.0,2680.0,3035.0,2750.0,2660.0,2660.0,2890.0,2800.0,2880.0,2880.0,3170.0,3200.0,2850.0,2800.0,2795.0,2800.0,2850.0,2949.0,2675.0,2650.0,2675.0
Country Club,Bronx,neighborhood,,,,,,,,,,,,,,,,,,,,,,1100.0,900.0,900.0,,,,,1500.0,1500.0,1500.0,,,,,1200.0,1200.0,1195.0,1200.0,1200.0,1200.0,,,,,,2495.0,2495.0,2495.0,2495.0,2495.0,2500.0,,2500.0,2500.0,,,,,,,,,,,,,,,1100.0,1850.0,1850.0,,2195.0,2100.0,1595.0,1400.0,1545.0,1700.0,1400.0,,,,,,,,1100.0,2000.0,1950.0,2150.0,1750.0,1650.0,1800.0,2650.0,2100.0,,,,,2100.0,2000.0,1650.0,1650.0,1675.0,1675.0,1725.0,1725.0,1725.0,2600.0,2500.0,2300.0,2000.0,1995.0,1995.0,,2000.0,2000.0,2000.0,,1800.0,1800.0,1750.0,1750.0,2050.0,1800.0,,,2150.0,2150.0,1775.0,2200.0,1699.0,,1850.0,1925.0,2600.0,3000.0,3000.0,2600.0,2600.0,2400.0,2200.0,2200.0,2400.0,2400.0,2100.0,2100.0,1700.0,2175.0,2700.0,2600.0,2500.0,2295.0,2295.0,2800.0,2800.0,2800.0,2900.0,2900.0,2495.0,2700.0,2050.0,2095.0,,2195.0,2195.0,2195.0,,3100.0,2900.0,2200.0,2200.0,,,,3606.0,2000.0,2400.0,2400.0,2400.0,2195.0,2795.0,2695.0,2795.0,3000.0,2500.0,2499.0,2499.0,2500.0,2200.0,2200.0,2200.0,2500.0,3450.0,2550.0,2750.0,2700.0
Crotona Park East,Bronx,neighborhood,1500.0,1500.0,,,1700.0,1700.0,,,,,,,,,,,,,1500.0,1500.0,1323.0,1323.0,,,,,,,,,,,,,1250.0,1250.0,,1600.0,1600.0,1600.0,,,,,1700.0,1700.0,1700.0,1700.0,1700.0,1400.0,1650.0,,,1650.0,1650.0,,,,,1800.0,,1500.0,1500.0,,3000.0,3200.0,1150.0,1150.0,1250.0,1500.0,1550.0,1550.0,1550.0,1550.0,1400.0,1400.0,1090.0,1100.0,1400.0,,,1750.0,2200.0,1800.0,1600.0,1450.0,1850.0,1850.0,1850.0,1850.0,1300.0,,1450.0,1450.0,1600.0,1600.0,1600.0,1999.0,2800.0,1500.0,1950.0,2150.0,1750.0,2300.0,2250.0,2300.0,2125.0,1700.0,2100.0,1999.0,1800.0,2349.0,2299.0,1800.0,2300.0,2100.0,2100.0,2300.0,2395.0,2154.0,1800.0,1750.0,2000.0,2000.0,2292.0,2200.0,2400.0,2175.0,2175.0,2049.0,2350.0,1695.0,1650.0,1650.0,1750.0,1800.0,2399.0,1750.0,2499.0,2499.0,2550.0,2050.0,2299.0,1847.0,1893.0,2450.0,2450.0,2300.0,2550.0,2300.0,2550.0,2269.0,2265.0,2265.0,2075.0,2300.0,2450.0,2350.0,2000.0,1950.0,1900.0,2425.0,2475.0,2500.0,2500.0,2300.0,2300.0,2025.0,1650.0,2000.0,1700.0,1699.0,2700.0,2700.0,2800.0,1895.0,2350.0,2450.0,2696.0,2350.0,2350.0,2950.0,3600.0,3600.0,2150.0,2650.0,2650.0,,2625.0,2300.0,2300.0,2150.0,2275.0,2900.0,2900.0,2810.0,2500.0,2075.0
Crown Heights,Brooklyn,neighborhood,2100.0,2150.0,2150.0,2100.0,1900.0,1800.0,1675.0,1500.0,1500.0,1600.0,1600.0,1600.0,1650.0,1600.0,1550.0,1600.0,1690.0,1850.0,1850.0,1650.0,1800.0,1750.0,1700.0,1700.0,1850.0,2000.0,2000.0,2000.0,1850.0,1835.0,1922.0,1974.0,1950.0,1985.0,1949.0,1900.0,1950.0,2000.0,1995.0,2000.0,2100.0,2100.0,2200.0,2200.0,2375.0,2350.0,2200.0,2100.0,2100.0,2000.0,2288.0,2300.0,2450.0,2400.0,2400.0,2399.0,2300.0,2200.0,2200.0,2200.0,2200.0,2295.0,2200.0,2300.0,2300.0,2300.0,2400.0,2400.0,2350.0,2350.0,2295.0,2350.0,2300.0,2395.0,2500.0,2449.0,2450.0,2499.0,2499.0,2500.0,2495.0,2450.0,2300.0,2299.0,2295.0,2299.0,2300.0,2300.0,2300.0,2400.0,2495.0,2500.0,2499.0,2429.0,2395.0,2385.0,2350.0,2300.0,2399.0,2400.0,2400.0,2475.0,2699.0,2650.0,2563.0,2400.0,2400.0,2400.0,2400.0,2399.0,2400.0,2495.0,2500.0,2500.0,2584.0,2600.0,2600.0,2595.0,2500.0,2512.0,2575.0,2650.0,2562.0,2510.0,2500.0,2499.0,2500.0,2500.0,2400.0,2299.0,2250.0,2250.0,2250.0,2250.0,2250.0,2300.0,2300.0,2399.0,2450.0,2500.0,2500.0,2500.0,2505.0,2550.0,2600.0,2700.0,2750.0,2750.0,2999.0,3100.0,3200.0,3250.0,3000.0,3000.0,2995.0,2950.0,3084.0,3099.0,3000.0,3100.0,3165.0,3175.0,3200.0,3295.0,3100.0,3000.0,2999.0,3000.0,3000.0,3000.0,3000.0,3150.0,3300.0,3300.0,3299.0,3250.0,3295.0,3125.0,3195.0,3150.0,3150.0,3199.0,3298.0,3400.0,3399.0,3500.0,3500.0,3500.0,3475.0,3400.0,3355.0,3500.0,3495.0,3495.0,3495.0,3560.0,3605.0,3600.0
DUMBO,Brooklyn,neighborhood,3250.0,3200.0,2850.0,2800.0,2800.0,2850.0,3300.0,3500.0,4200.0,4100.0,4200.0,4200.0,3900.0,3750.0,3525.0,3525.0,3300.0,3550.0,4000.0,3950.0,4000.0,3900.0,3950.0,3600.0,4200.0,4100.0,4300.0,3475.0,3525.0,3675.0,4125.0,4300.0,4300.0,4300.0,4450.0,4000.0,4200.0,3500.0,3600.0,4200.0,4050.0,3800.0,3800.0,3925.0,3850.0,3750.0,3900.0,3795.0,4015.0,3875.0,4100.0,4000.0,4100.0,4250.0,4250.0,4300.0,4250.0,4400.0,4250.0,4100.0,3918.0,4075.0,4350.0,3900.0,3900.0,4056.0,4100.0,4200.0,4510.0,4200.0,4425.0,4500.0,4200.0,4038.0,4100.0,4250.0,4900.0,4950.0,4895.0,4485.0,4450.0,4525.0,4700.0,4500.0,4500.0,4870.0,4562.0,4450.0,4500.0,4400.0,4500.0,4108.0,4375.0,4385.0,4586.0,4487.0,4154.0,4148.0,4095.0,3900.0,4212.0,4500.0,4199.0,4523.0,4075.0,4750.0,5037.0,4995.0,4564.0,4350.0,4650.0,4500.0,4332.0,4800.0,4895.0,5074.0,4800.0,4895.0,4964.0,4995.0,4996.0,5395.0,4975.0,4495.0,4496.0,4450.0,4417.0,4150.0,4285.0,4395.0,4495.0,4095.0,3999.0,3895.0,3895.0,4150.0,4150.0,4295.0,4500.0,4995.0,4600.0,4650.0,4745.0,4850.0,4500.0,4795.0,5295.0,5445.0,5275.0,5595.0,6495.0,5995.0,5995.0,5790.0,5750.0,5600.0,5600.0,5500.0,5495.0,5708.0,6195.0,5995.0,6195.0,6000.0,6000.0,5800.0,5900.0,5670.0,5495.0,5795.0,5800.0,5818.0,5750.0,5650.0,5694.0,6000.0,6200.0,6100.0,5750.0,5750.0,6098.0,5500.0,5420.0,6000.0,6110.0,6050.0,5799.0,5600.0,5480.0,5700.0,5500.0,5200.0,5295.0,5995.0,6261.0,5900.0,5800.0,5750.0
Ditmas Park,Brooklyn,neighborhood,1700.0,1700.0,1700.0,1500.0,1750.0,2000.0,2450.0,5500.0,1650.0,1650.0,1650.0,1650.0,1595.0,1550.0,1600.0,1500.0,1600.0,1850.0,1850.0,1750.0,1550.0,1650.0,1550.0,1500.0,1600.0,1600.0,1700.0,1795.0,1850.0,1600.0,1750.0,1750.0,1750.0,1750.0,1650.0,1800.0,1700.0,1600.0,1600.0,1700.0,2200.0,1900.0,2000.0,1800.0,1800.0,1550.0,1650.0,1800.0,1800.0,1725.0,1675.0,1800.0,1850.0,1850.0,1900.0,1900.0,1750.0,1850.0,1650.0,1795.0,1849.0,1850.0,1850.0,1850.0,1850.0,1950.0,1950.0,1950.0,1950.0,2025.0,1999.0,2000.0,1999.0,1900.0,1900.0,1900.0,2000.0,1995.0,1999.0,1995.0,1975.0,1950.0,1899.0,1900.0,1900.0,1999.0,1995.0,1999.0,2000.0,2000.0,1998.0,1999.0,2195.0,2175.0,1900.0,1999.0,1999.0,2195.0,2149.0,2099.0,2000.0,2095.0,2307.0,2375.0,2099.0,2000.0,1995.0,2200.0,2249.0,2215.0,2175.0,2215.0,2295.0,2250.0,2250.0,2200.0,2250.0,2200.0,2275.0,2307.0,2200.0,2200.0,2399.0,2200.0,2200.0,2200.0,2229.0,2100.0,2075.0,1975.0,1900.0,1899.0,1900.0,1900.0,1949.0,1950.0,2000.0,2000.0,1995.0,2199.0,2150.0,2225.0,2175.0,2100.0,2000.0,2175.0,2225.0,2060.0,2250.0,2499.0,2400.0,2495.0,2500.0,2400.0,2450.0,2550.0,2458.0,2425.0,2495.0,2495.0,2606.0,2500.0,2399.0,2499.0,2460.0,2550.0,2700.0,2600.0,2575.0,2535.0,2535.0,2660.0,2599.0,2650.0,2649.0,2545.0,2495.0,2518.0,2600.0,2500.0,2500.0,2450.0,2475.0,2550.0,2800.0,2899.0,2850.0,2800.0,2800.0,2753.0,2699.0,2650.0,2750.0,2675.0,2779.0,2800.0,2900.0,2983.0
Douglaston,Queens,neighborhood,2800.0,2800.0,2800.0,2000.0,1100.0,1100.0,4000.0,4000.0,4000.0,1800.0,1800.0,2000.0,2000.0,1300.0,1650.0,2000.0,1800.0,1650.0,1900.0,1900.0,1900.0,2000.0,2000.0,1400.0,1400.0,,1400.0,1400.0,1400.0,1400.0,1900.0,2000.0,1800.0,1900.0,1900.0,1900.0,1900.0,2100.0,2100.0,2200.0,1395.0,5000.0,3700.0,4800.0,3900.0,1900.0,1900.0,2200.0,2200.0,2200.0,1650.0,1800.0,1800.0,1800.0,1700.0,1700.0,1550.0,1550.0,1700.0,1500.0,3850.0,3850.0,2200.0,1650.0,1650.0,2200.0,2350.0,3500.0,2000.0,2000.0,2000.0,2000.0,2000.0,2400.0,2700.0,2550.0,2700.0,3000.0,3000.0,2700.0,2700.0,2700.0,2700.0,2700.0,2700.0,2800.0,2600.0,2600.0,2600.0,2400.0,2400.0,2400.0,2300.0,2350.0,2250.0,2400.0,2995.0,6800.0,1800.0,2300.0,2300.0,1680.0,2000.0,2500.0,2400.0,2200.0,2300.0,2400.0,2300.0,2050.0,2400.0,2000.0,2400.0,2300.0,2600.0,3000.0,2100.0,2700.0,2200.0,2650.0,2300.0,2300.0,2400.0,2400.0,2595.0,2300.0,2000.0,1695.0,1695.0,2300.0,2450.0,2595.0,2595.0,2300.0,2300.0,2300.0,2300.0,2400.0,2595.0,2300.0,2200.0,2595.0,2595.0,2595.0,2595.0,2595.0,3295.0,2595.0,2595.0,2595.0,2595.0,2350.0,2600.0,2600.0,2595.0,3450.0,3300.0,2900.0,2900.0,2600.0,2595.0,2595.0,2900.0,3100.0,2525.0,2525.0,3200.0,2595.0,2595.0,2595.0,2595.0,2595.0,2595.0,2595.0,4000.0,3850.0,2595.0,3750.0,3499.0,3500.0,2595.0,3250.0,3175.0,3000.0,3525.0,3350.0,3500.0,3500.0,3125.0,3125.0,3000.0,2300.0,2200.0,2800.0,2950.0,4100.0,3625.0,3525.0
Downtown Brooklyn,Brooklyn,neighborhood,2195.0,2104.0,2123.0,2195.0,2264.0,2361.0,2525.0,2525.0,2530.0,2505.0,2541.0,2500.0,2528.0,2400.0,2450.0,2350.0,2253.0,2380.0,2500.0,2550.0,2590.0,2500.0,2650.0,2700.0,2530.0,2500.0,2577.0,2500.0,2650.0,2800.0,2800.0,2825.0,2825.0,2800.0,2975.0,3071.0,3085.0,3000.0,2960.0,3000.0,2904.0,2900.0,3025.0,3100.0,2915.0,3000.0,2900.0,2950.0,2925.0,3023.0,2954.0,2900.0,2950.0,2950.0,3050.0,3220.0,3200.0,3250.0,3230.0,3180.0,3170.0,3215.0,3350.0,3300.0,3350.0,3250.0,3305.0,3250.0,3231.0,3220.0,3200.0,3145.0,3115.0,3150.0,3200.0,3200.0,3175.0,3200.0,3220.0,3205.0,3100.0,3140.0,3139.0,3058.0,3095.0,3195.0,3090.0,3150.0,3192.0,3185.0,3223.0,3280.0,3240.0,3245.0,3100.0,3150.0,3223.0,3275.0,3392.0,3465.0,3412.0,3423.0,3386.0,3483.0,3390.0,3350.0,3276.0,3355.0,3350.0,3350.0,3365.0,3456.0,3495.0,3519.0,3636.0,3750.0,3660.0,3591.0,3411.0,3366.0,3476.0,3415.0,3358.0,3300.0,3341.0,3320.0,3237.0,3104.0,2942.0,2900.0,2900.0,2900.0,2995.0,3000.0,3006.0,3258.0,3360.0,3582.0,3650.0,3949.0,3995.0,3985.0,3870.0,3925.0,4146.0,4171.0,4143.0,4095.0,4157.0,4203.0,4250.0,4435.0,4368.0,4250.0,4395.0,4274.0,4250.0,4159.0,4158.0,4350.0,4400.0,4284.0,4275.0,4298.0,4240.0,4248.0,4169.0,4250.0,4250.0,4240.0,4188.0,4273.0,4306.0,4400.0,4500.0,4522.0,4595.0,4500.0,4485.0,4467.0,4600.0,4495.0,4450.0,4401.0,4428.0,4600.0,4536.0,4487.0,4425.0,4445.0,4428.0,4487.0,4800.0,4833.0,4681.0,4800.0,4799.0,4695.0
Dyker Heights,Brooklyn,neighborhood,1675.0,975.0,975.0,1000.0,1000.0,1200.0,1250.0,1200.0,1100.0,1275.0,1200.0,1295.0,1200.0,1300.0,1300.0,1250.0,1300.0,1300.0,1350.0,1200.0,1400.0,1400.0,1700.0,1800.0,1400.0,1675.0,1700.0,1600.0,1600.0,1600.0,1900.0,2200.0,1500.0,1900.0,1800.0,1150.0,1300.0,1400.0,1400.0,1200.0,1200.0,1250.0,1250.0,2000.0,1850.0,1900.0,1800.0,1800.0,1800.0,1700.0,1600.0,1600.0,1600.0,1600.0,1500.0,1800.0,1800.0,1750.0,1800.0,2000.0,1800.0,1800.0,1700.0,1900.0,1850.0,1900.0,1900.0,2000.0,1950.0,1900.0,1850.0,1800.0,2100.0,2200.0,2100.0,2175.0,1950.0,2100.0,2200.0,2200.0,2300.0,2200.0,2200.0,2250.0,2200.0,2200.0,2200.0,2100.0,2000.0,1950.0,2000.0,1775.0,2095.0,1900.0,2190.0,2100.0,2100.0,1995.0,1995.0,2000.0,2145.0,1899.0,2000.0,2000.0,1995.0,2200.0,2250.0,2200.0,1970.0,2150.0,2170.0,1800.0,2000.0,2099.0,2195.0,2000.0,2000.0,2000.0,2150.0,2100.0,2100.0,2150.0,2000.0,2100.0,2000.0,2150.0,2000.0,2100.0,2000.0,2000.0,2100.0,2100.0,1800.0,1850.0,1850.0,2000.0,2100.0,2050.0,1850.0,2100.0,2150.0,2125.0,2000.0,1999.0,1850.0,1900.0,2100.0,2150.0,2400.0,2400.0,2350.0,2250.0,2500.0,2500.0,2800.0,2700.0,2500.0,2500.0,2350.0,2100.0,2700.0,2800.0,2795.0,2500.0,2900.0,2700.0,2700.0,2700.0,2900.0,2900.0,3000.0,2900.0,2500.0,2200.0,2595.0,2650.0,2950.0,2800.0,2500.0,2500.0,2700.0,2950.0,2695.0,2800.0,2895.0,2900.0,2800.0,2700.0,2650.0,2600.0,2650.0,2600.0,2600.0,2450.0,2495.0,2700.0,2495.0,2700.0
East Elmhurst,Queens,neighborhood,1800.0,1700.0,1700.0,1700.0,1700.0,1700.0,1700.0,1700.0,1700.0,,,,,,,,,,,,2000.0,2000.0,1500.0,1500.0,1500.0,1500.0,1500.0,1500.0,,,,,,,,,,,,,,,1950.0,1950.0,4000.0,4000.0,2000.0,1595.0,1595.0,1595.0,1799.0,2150.0,2150.0,1700.0,1800.0,1800.0,1700.0,1700.0,1795.0,1795.0,2800.0,1600.0,2800.0,2990.0,2990.0,2900.0,1495.0,2550.0,925.0,925.0,1795.0,1795.0,1975.0,2250.0,2450.0,1800.0,1800.0,2500.0,2250.0,2250.0,1975.0,2450.0,1200.0,,,2400.0,2300.0,2000.0,2500.0,2500.0,2500.0,2500.0,1900.0,2000.0,2000.0,2200.0,1950.0,1900.0,1800.0,1900.0,2080.0,1900.0,2400.0,2400.0,1650.0,2400.0,2000.0,2400.0,1900.0,1649.0,1950.0,2500.0,2200.0,2000.0,2600.0,2600.0,2300.0,2000.0,2300.0,2300.0,2600.0,2200.0,2200.0,2000.0,2550.0,2200.0,2195.0,2200.0,2550.0,2300.0,2250.0,2600.0,2500.0,2500.0,2499.0,2500.0,2700.0,2700.0,2700.0,2600.0,1800.0,2300.0,1800.0,2300.0,1700.0,2300.0,2200.0,2100.0,2100.0,1950.0,1999.0,1400.0,1995.0,2500.0,2200.0,2500.0,2400.0,2800.0,2500.0,3300.0,3000.0,2850.0,2650.0,2100.0,2200.0,2600.0,3200.0,2900.0,2700.0,3500.0,2700.0,2999.0,3200.0,2795.0,2800.0,2800.0,2995.0,2800.0,2800.0,2800.0,2900.0,2800.0,3000.0,3000.0,2700.0,2800.0,2660.0,3999.0,2500.0,2349.0,2300.0,2300.0,3400.0,2400.0,2800.0,2195.0,2900.0,3500.0
East Flatbush,Brooklyn,neighborhood,1900.0,1625.0,2100.0,1900.0,1650.0,1650.0,2350.0,1950.0,2350.0,1700.0,1550.0,1175.0,1050.0,1500.0,1500.0,1700.0,1700.0,1500.0,1800.0,2100.0,1825.0,1625.0,1600.0,1500.0,1800.0,1600.0,1700.0,1600.0,1625.0,1600.0,1900.0,1715.0,1475.0,1200.0,1150.0,1295.0,1295.0,1350.0,1350.0,1550.0,1800.0,1650.0,1650.0,1700.0,1600.0,1450.0,1500.0,1600.0,1650.0,1800.0,1525.0,1700.0,1950.0,1850.0,1750.0,1675.0,1500.0,1400.0,1400.0,1400.0,1400.0,1400.0,1450.0,1550.0,1600.0,1700.0,1850.0,1895.0,2000.0,1845.0,1700.0,1650.0,1800.0,1895.0,1850.0,1800.0,1795.0,1850.0,1850.0,1899.0,1895.0,1900.0,1900.0,1900.0,1900.0,2000.0,2000.0,2000.0,1950.0,1999.0,2050.0,2150.0,2000.0,1925.0,1950.0,1975.0,2050.0,2085.0,2095.0,2050.0,2125.0,2100.0,2175.0,2285.0,2399.0,2100.0,2199.0,2199.0,2195.0,2000.0,2200.0,2199.0,2125.0,2131.0,2100.0,2100.0,2200.0,2200.0,2175.0,2200.0,2200.0,2200.0,2250.0,2175.0,2299.0,2200.0,2205.0,2175.0,2076.0,2075.0,2012.0,2080.0,2050.0,2050.0,2185.0,2100.0,2199.0,2150.0,2100.0,2100.0,2150.0,2100.0,2199.0,2200.0,2399.0,2434.0,2499.0,2499.0,2500.0,2449.0,2500.0,2495.0,2450.0,2480.0,2450.0,2500.0,2600.0,2600.0,2575.0,2696.0,2699.0,2650.0,2599.0,2650.0,2650.0,2695.0,2650.0,2650.0,2770.0,2750.0,2750.0,2800.0,2800.0,2770.0,2710.0,2866.0,2800.0,2750.0,2799.0,2850.0,2899.0,2795.0,2800.0,2800.0,2800.0,2800.0,2850.0,2999.0,2999.0,3000.0,2800.0,2800.0,2800.0,2800.0,2850.0,3000.0,3000.0,2995.0
East Harlem,Manhattan,neighborhood,1900.0,1900.0,1900.0,1925.0,1995.0,2095.0,2195.0,2185.0,2185.0,2195.0,2195.0,2180.0,2175.0,2000.0,2000.0,1995.0,1895.0,1900.0,1900.0,1900.0,1950.0,2000.0,1995.0,2225.0,2350.0,2250.0,2095.0,2100.0,2100.0,2050.0,2095.0,2195.0,2150.0,2150.0,2150.0,2275.0,2200.0,2300.0,2325.0,2200.0,2300.0,2300.0,2250.0,2200.0,2200.0,2075.0,2000.0,2000.0,1995.0,2000.0,2150.0,2149.0,2100.0,2075.0,2100.0,2049.0,1995.0,2090.0,2075.0,2100.0,2100.0,2107.0,2100.0,2249.0,2300.0,2300.0,2300.0,2250.0,2200.0,2260.0,2200.0,2150.0,2150.0,2150.0,2215.0,2300.0,2400.0,2415.0,2450.0,2375.0,2299.0,2295.0,2354.0,2350.0,2395.0,2325.0,2350.0,2350.0,2400.0,2425.0,2450.0,2400.0,2375.0,2375.0,2300.0,2395.0,2350.0,2345.0,2350.0,2295.0,2354.0,2400.0,2397.0,2383.0,2350.0,2338.0,2271.0,2250.0,2295.0,2400.0,2450.0,2400.0,2450.0,2450.0,2500.0,2500.0,2490.0,2450.0,2400.0,2395.0,2400.0,2400.0,2495.0,2595.0,2562.0,2430.0,2448.0,2361.0,2299.0,2235.0,2175.0,2100.0,2100.0,2100.0,2025.0,2100.0,2200.0,2250.0,2295.0,2295.0,2295.0,2275.0,2295.0,2300.0,2450.0,2595.0,2492.0,2595.0,2695.0,2700.0,2775.0,2850.0,2750.0,2700.0,2700.0,2699.0,2740.0,2700.0,2700.0,2875.0,2950.0,3000.0,2995.0,3000.0,2925.0,2895.0,2850.0,2850.0,2900.0,2995.0,2900.0,2900.0,3000.0,3000.0,3050.0,3000.0,2950.0,2900.0,2850.0,2850.0,2800.0,2875.0,2895.0,2950.0,3000.0,3200.0,3200.0,3190.0,3129.0,3055.0,2995.0,2995.0,2945.0,2950.0,2950.0,3000.0,3200.0,3250.0
East New York,Brooklyn,neighborhood,950.0,900.0,900.0,900.0,,1450.0,1450.0,1450.0,1450.0,1450.0,1500.0,1500.0,1500.0,1450.0,1450.0,1500.0,1500.0,1450.0,1450.0,1300.0,1450.0,1500.0,1500.0,1500.0,1100.0,1100.0,1100.0,1200.0,1700.0,1400.0,1400.0,1350.0,1350.0,1450.0,1495.0,1500.0,2200.0,1850.0,1375.0,1400.0,1600.0,1800.0,1500.0,1500.0,1500.0,1500.0,1500.0,1500.0,1500.0,1450.0,1450.0,1450.0,1700.0,1650.0,1600.0,1650.0,1700.0,1800.0,1700.0,1650.0,1650.0,1700.0,1700.0,1700.0,1695.0,1749.0,1900.0,1800.0,1950.0,1900.0,1850.0,1850.0,1700.0,1950.0,1900.0,1900.0,1895.0,1900.0,2100.0,2200.0,2000.0,1875.0,2000.0,2000.0,2000.0,2000.0,2000.0,2100.0,2100.0,2099.0,2100.0,2100.0,1995.0,1900.0,1925.0,2015.0,2000.0,2100.0,2190.0,2105.0,2150.0,2150.0,2150.0,2200.0,2150.0,2199.0,2100.0,2199.0,2095.0,2150.0,2100.0,2100.0,2100.0,2150.0,2200.0,2150.0,2250.0,2250.0,2200.0,2200.0,2200.0,2250.0,2250.0,2200.0,2300.0,2200.0,2199.0,2150.0,2150.0,2150.0,2000.0,2075.0,2100.0,2100.0,2150.0,2100.0,2100.0,2100.0,2190.0,2100.0,2200.0,2200.0,2250.0,2300.0,2300.0,2200.0,2200.0,2249.0,2300.0,2400.0,2388.0,2400.0,2400.0,2450.0,2500.0,2500.0,2500.0,2500.0,2500.0,2650.0,2495.0,2600.0,2700.0,2800.0,2800.0,2800.0,2800.0,2850.0,2900.0,2995.0,2825.0,2950.0,2860.0,2895.0,2999.0,2950.0,3000.0,3095.0,3075.0,3000.0,3000.0,3027.0,2800.0,2766.0,2750.0,2950.0,3000.0,2999.0,3000.0,3200.0,3225.0,3150.0,2997.0,2999.0,3000.0,3000.0,3150.0,3250.0
East Tremont,Bronx,neighborhood,,,1300.0,1300.0,1300.0,1300.0,,,,,,,,,838.0,838.0,838.0,838.0,838.0,838.0,1095.0,1095.0,,,,,,,1500.0,1200.0,1200.0,1200.0,1100.0,1100.0,925.0,1500.0,1750.0,1750.0,1775.0,1500.0,1500.0,1500.0,,,1800.0,1800.0,1800.0,1800.0,1800.0,1319.0,1219.0,1209.0,1125.0,1336.0,1136.0,1150.0,1312.0,1350.0,1450.0,1312.0,1312.0,1320.0,1150.0,1625.0,1475.0,1500.0,1450.0,1700.0,1700.0,1800.0,1800.0,1650.0,1450.0,1500.0,1400.0,1400.0,1400.0,1450.0,1450.0,1800.0,1500.0,1500.0,1495.0,1495.0,1500.0,1550.0,1550.0,1975.0,1700.0,1700.0,1750.0,1750.0,1690.0,1675.0,1700.0,1700.0,1700.0,1700.0,1650.0,1650.0,1500.0,1800.0,1850.0,1849.0,1800.0,2100.0,1850.0,1820.0,1950.0,1900.0,1900.0,1899.0,1625.0,1625.0,1625.0,1636.0,1650.0,1650.0,1800.0,1650.0,1750.0,1845.0,1675.0,2100.0,1950.0,1900.0,1950.0,1790.0,1700.0,1675.0,1650.0,1699.0,1950.0,2000.0,1575.0,1814.0,1950.0,1950.0,1950.0,1975.0,2300.0,2450.0,2050.0,2200.0,1650.0,1650.0,1725.0,1725.0,2095.0,2250.0,2150.0,2385.0,2299.0,2288.0,2100.0,2335.0,2204.0,2165.0,2750.0,2750.0,2236.0,1925.0,2500.0,2200.0,2400.0,2500.0,2195.0,2100.0,2200.0,1700.0,1755.0,1900.0,2000.0,2525.0,1900.0,2000.0,2900.0,2300.0,1743.0,2900.0,2525.0,2525.0,2700.0,2502.0,2500.0,2450.0,1935.0,3000.0,2175.0,2500.0,2400.0,2400.0,2850.0,1900.0,2423.0,1795.0,2150.0,2795.0
East Village,Manhattan,neighborhood,2500.0,2500.0,2395.0,2500.0,2600.0,2500.0,2600.0,2595.0,2650.0,2795.0,2600.0,2695.0,2695.0,2600.0,2650.0,2700.0,2800.0,2850.0,2800.0,2850.0,3180.0,2850.0,2800.0,2800.0,2900.0,2800.0,2850.0,3000.0,2995.0,3000.0,3000.0,3000.0,2995.0,3100.0,3000.0,3000.0,3100.0,3100.0,3095.0,3116.0,3150.0,3200.0,3200.0,3300.0,3250.0,3163.0,3150.0,3000.0,3070.0,3000.0,3000.0,3075.0,3208.0,3200.0,3250.0,3300.0,3256.0,3200.0,3100.0,3150.0,3000.0,2895.0,2950.0,3100.0,3200.0,3200.0,3250.0,3300.0,3200.0,3200.0,3150.0,3200.0,3200.0,3150.0,3200.0,3300.0,3350.0,3300.0,3300.0,3250.0,3195.0,3150.0,3100.0,3000.0,3000.0,3190.0,3150.0,3395.0,3395.0,3300.0,3295.0,3208.0,3095.0,3000.0,2900.0,2900.0,2995.0,3000.0,3025.0,3300.0,3475.0,3400.0,3350.0,3400.0,3300.0,3200.0,3111.0,3100.0,3066.0,3171.0,3188.0,3395.0,3499.0,3595.0,3595.0,3450.0,3420.0,3400.0,3400.0,3128.0,3200.0,3254.0,3300.0,3395.0,3395.0,3300.0,3200.0,2999.0,2875.0,2750.0,2650.0,2500.0,2500.0,2500.0,2550.0,2600.0,2800.0,3095.0,3400.0,3300.0,3450.0,3500.0,3690.0,3750.0,3800.0,3940.0,3995.0,4250.0,4318.0,4300.0,4250.0,4200.0,4100.0,4095.0,3999.0,3995.0,3995.0,4395.0,4195.0,4300.0,4400.0,4300.0,4253.0,4250.0,4250.0,4000.0,3950.0,3900.0,3875.0,3995.0,4144.0,4495.0,4500.0,4400.0,4400.0,4495.0,4200.0,4125.0,4000.0,4050.0,4200.0,4200.0,4400.0,4800.0,4800.0,4995.0,4990.0,4995.0,5000.0,4995.0,4800.0,4595.0,4700.0,5000.0,5195.0,5416.0,5495.0,5250.0
Eastchester,Bronx,neighborhood,,,,,,,,,,,,,,,,,,,,1350.0,1350.0,,,,,,,,,,,,,,,,,,,,,,,,,,,,,,,,,,,,,,,,,,,,,1650.0,1600.0,1600.0,,,,,,,,,,,,,1650.0,1650.0,1645.0,,,,1250.0,,,,,,,,,,1750.0,1650.0,1650.0,2600.0,,,2100.0,,1500.0,1800.0,1800.0,2000.0,1800.0,1800.0,,,1800.0,1800.0,1800.0,1800.0,1800.0,1800.0,1800.0,1800.0,1900.0,1550.0,1550.0,1850.0,,1875.0,1875.0,2100.0,1900.0,1900.0,1900.0,1650.0,1650.0,1900.0,2100.0,1900.0,1900.0,1900.0,1900.0,1900.0,1900.0,1900.0,1900.0,1900.0,2000.0,2000.0,2000.0,2250.0,2250.0,,,1975.0,1975.0,1975.0,,,,,,2400.0,2300.0,2300.0,1800.0,1800.0,,3200.0,3400.0,3400.0,,,,,,,,2550.0,3950.0,3950.0,,3464.0,3464.0,,,,,4000.0,3900.0,3596.0,,,,,,,,,2100.0,2100.0
Edenwald,Bronx,neighborhood,,,,,,,,,,,,,,,,,,,,1600.0,1600.0,,,,,,,,1600.0,1600.0,,,,,,,,1550.0,1550.0,2200.0,1900.0,1900.0,1400.0,1400.0,1400.0,1400.0,1650.0,1650.0,,,,1700.0,,,,1450.0,1400.0,1400.0,1350.0,1350.0,,,,,,,,,,,,,1500.0,1500.0,1500.0,1950.0,1950.0,1950.0,1900.0,1900.0,,1600.0,1600.0,1600.0,1600.0,1865.0,2050.0,2150.0,2150.0,1200.0,1650.0,,,,,,2195.0,1950.0,1950.0,1950.0,1950.0,1750.0,,,,1950.0,1950.0,2200.0,1895.0,2300.0,,1795.0,1950.0,2400.0,2300.0,2175.0,1795.0,,,,2000.0,2400.0,,,2450.0,2399.0,2399.0,,,,,,,,,1995.0,2100.0,2000.0,2100.0,2600.0,2495.0,2295.0,1950.0,2500.0,,2500.0,2250.0,2200.0,1950.0,,2085.0,2200.0,2200.0,2194.0,2275.0,2439.0,2199.0,2199.0,2175.0,2600.0,2700.0,2700.0,2800.0,2800.0,2800.0,2800.0,1800.0,2600.0,2113.0,3000.0,1900.0,2000.0,3464.0,3000.0,2484.0,,2500.0,2500.0,,3000.0,3200.0,2495.0,2495.0,2495.0,3000.0,,3000.0,3000.0,3500.0,3500.0,3200.0,3800.0,3800.0,3400.0,3000.0,3000.0,2500.0,3600.0
Elmhurst,Queens,neighborhood,1075.0,1195.0,1195.0,1050.0,1195.0,995.0,1050.0,1075.0,1175.0,1175.0,1275.0,1275.0,1250.0,1175.0,1250.0,1250.0,1250.0,1250.0,1250.0,1325.0,1235.0,1295.0,1400.0,1180.0,1580.0,1580.0,1325.0,1250.0,1650.0,1225.0,1255.0,1495.0,1495.0,1950.0,1950.0,1950.0,1900.0,1900.0,1900.0,1900.0,1900.0,1900.0,2200.0,1900.0,1924.0,2132.0,1899.0,1620.0,1620.0,1850.0,1950.0,2000.0,1750.0,1850.0,1899.0,1900.0,1800.0,1750.0,1700.0,1700.0,1600.0,1895.0,1900.0,2000.0,1900.0,1954.0,1825.0,1825.0,1790.0,1775.0,1825.0,1750.0,1750.0,1875.0,1850.0,1850.0,1800.0,1925.0,1900.0,1800.0,1825.0,1825.0,1800.0,1950.0,1850.0,1965.0,2100.0,2000.0,2081.0,1950.0,2095.0,1950.0,1950.0,1900.0,1896.0,1896.0,1950.0,1935.0,1935.0,1925.0,1879.0,1750.0,1990.0,1995.0,2050.0,1900.0,1875.0,1900.0,1950.0,1900.0,1879.0,1875.0,1875.0,2150.0,2045.0,2000.0,1815.0,1975.0,1970.0,1875.0,1925.0,2000.0,2025.0,2025.0,2090.0,2000.0,1950.0,1950.0,1950.0,1800.0,1750.0,1850.0,1750.0,1750.0,1759.0,1800.0,1850.0,1950.0,1800.0,1846.0,2000.0,2000.0,2050.0,2000.0,2100.0,2100.0,2100.0,2195.0,2000.0,2195.0,2100.0,2095.0,2100.0,2200.0,2200.0,2250.0,2175.0,2350.0,2350.0,2200.0,2395.0,2100.0,2150.0,2150.0,2450.0,2500.0,2460.0,2600.0,2600.0,2500.0,2400.0,2500.0,2499.0,2600.0,2400.0,2403.0,2575.0,2450.0,2150.0,2200.0,2400.0,2450.0,2600.0,2700.0,2650.0,2695.0,2500.0,2500.0,2600.0,2500.0,2600.0,2350.0,2300.0,2475.0,2695.0,2550.0,2595.0,2500.0
Financial District,Manhattan,neighborhood,3200.0,3100.0,3100.0,3070.0,3200.0,3200.0,3100.0,3130.0,3095.0,3280.0,3250.0,3250.0,3315.0,3400.0,3395.0,3300.0,3325.0,3500.0,3500.0,3600.0,3600.0,3600.0,3495.0,3400.0,3430.0,3450.0,3394.0,3500.0,3500.0,3595.0,3700.0,3695.0,3800.0,3700.0,3900.0,3646.0,3500.0,3450.0,3399.0,3375.0,3400.0,3461.0,3500.0,3595.0,3595.0,3550.0,3500.0,3495.0,3500.0,3495.0,3450.0,3500.0,3500.0,3550.0,3460.0,3495.0,3550.0,3550.0,3495.0,3425.0,3425.0,3590.0,3520.0,3550.0,3630.0,3600.0,3655.0,3600.0,3720.0,3700.0,3595.0,3525.0,3495.0,3500.0,3544.0,3600.0,3620.0,3665.0,3695.0,3625.0,3650.0,3665.0,3500.0,3470.0,3484.0,3495.0,3565.0,3600.0,3650.0,3655.0,3795.0,3795.0,3750.0,3640.0,3662.0,3664.0,3595.0,3733.0,3595.0,3595.0,3600.0,3676.0,3795.0,3825.0,3880.0,3800.0,3750.0,3720.0,3750.0,3840.0,3671.0,3895.0,3890.0,3900.0,3895.0,3795.0,3850.0,3800.0,3895.0,3781.0,3851.0,3895.0,3895.0,3750.0,3695.0,3595.0,3415.0,3329.0,3200.0,3233.0,3165.0,3150.0,3070.0,3195.0,3200.0,3295.0,3393.0,3600.0,4000.0,4150.0,4450.0,4450.0,4339.0,4441.0,4495.0,4500.0,4350.0,4495.0,4500.0,4450.0,4494.0,4585.0,4605.0,4455.0,4400.0,4400.0,4400.0,4312.0,4400.0,4500.0,4517.0,4550.0,4600.0,4500.0,4500.0,4500.0,4450.0,4470.0,4500.0,4595.0,4550.0,4560.0,4700.0,4744.0,4650.0,4595.0,4545.0,4595.0,4495.0,4500.0,4585.0,4700.0,4650.0,4645.0,4636.0,4650.0,4799.0,4896.0,4855.0,4898.0,4860.0,4866.0,4895.0,4878.0,4802.0,4793.0,4900.0,4925.0
Flatbush,Brooklyn,neighborhood,1600.0,1600.0,1795.0,1600.0,1395.0,1450.0,1600.0,1300.0,1200.0,1200.0,1300.0,1375.0,1400.0,1200.0,1250.0,1900.0,2000.0,1850.0,1600.0,1295.0,1100.0,1295.0,1300.0,1250.0,1300.0,1300.0,1375.0,1375.0,1150.0,1350.0,1325.0,1325.0,1400.0,1300.0,1300.0,1595.0,1595.0,1500.0,1650.0,1450.0,1600.0,1600.0,1500.0,1708.0,1708.0,1695.0,1600.0,1550.0,1600.0,1700.0,1700.0,1675.0,1700.0,1700.0,1777.0,1700.0,1650.0,1600.0,1695.0,1750.0,1700.0,1700.0,1750.0,1749.0,1800.0,1800.0,1850.0,1900.0,1900.0,1850.0,1875.0,1850.0,1850.0,1850.0,1849.0,1900.0,1900.0,1925.0,1900.0,1900.0,1875.0,1925.0,1925.0,1899.0,1900.0,1900.0,1900.0,1925.0,1950.0,2000.0,2100.0,2099.0,2000.0,2099.0,1999.0,1935.0,2000.0,2000.0,2000.0,1995.0,2031.0,2100.0,2100.0,2200.0,2200.0,2150.0,2150.0,2140.0,2084.0,2165.0,2095.0,2169.0,2169.0,2250.0,2249.0,2250.0,2312.0,2307.0,2295.0,2325.0,2380.0,2329.0,2300.0,2350.0,2295.0,2300.0,2250.0,2200.0,2150.0,2100.0,2000.0,2000.0,2000.0,2050.0,2000.0,2050.0,2150.0,2199.0,2200.0,2250.0,2250.0,2400.0,2400.0,2350.0,2466.0,2575.0,2550.0,2575.0,2570.0,2863.0,2863.0,2800.0,2829.0,2750.0,2600.0,2600.0,2600.0,2600.0,2700.0,2749.0,2900.0,2950.0,2960.0,2900.0,2766.0,2800.0,2800.0,2795.0,2850.0,2850.0,2800.0,2850.0,2975.0,3000.0,3000.0,3000.0,2900.0,2900.0,2945.0,2900.0,2900.0,2875.0,2950.0,2990.0,2995.0,3000.0,3100.0,3138.0,3100.0,3000.0,3000.0,2995.0,3000.0,2999.0,3027.0,3050.0,3195.0,3199.0
Flatiron,Manhattan,neighborhood,3850.0,3750.0,3550.0,3700.0,3885.0,3895.0,3900.0,3937.0,4000.0,4000.0,3875.0,3900.0,3995.0,4200.0,4100.0,4200.0,4000.0,3950.0,3995.0,3995.0,4400.0,4200.0,4300.0,4450.0,3895.0,3950.0,3995.0,3950.0,4450.0,4450.0,4400.0,4395.0,4300.0,4195.0,4200.0,4195.0,4200.0,4300.0,4232.0,4195.0,4210.0,4300.0,4300.0,4300.0,4077.0,3988.0,3838.0,3812.0,4195.0,4189.0,4285.0,4377.0,4529.0,4495.0,4520.0,4795.0,4700.0,4495.0,4320.0,4300.0,4411.0,4470.0,4795.0,4800.0,5350.0,5390.0,5075.0,4995.0,5000.0,5000.0,4990.0,5000.0,5100.0,5095.0,4760.0,4695.0,4650.0,4795.0,5000.0,4875.0,4995.0,4799.0,4650.0,4625.0,4573.0,4600.0,4451.0,4600.0,4713.0,4625.0,4505.0,4750.0,4800.0,4695.0,4775.0,4700.0,4595.0,4572.0,4488.0,4420.0,4570.0,4595.0,4615.0,4691.0,4895.0,4821.0,4518.0,4584.0,4750.0,4850.0,4700.0,4795.0,4950.0,4975.0,5100.0,5250.0,5200.0,4995.0,4916.0,4895.0,4850.0,4724.0,4968.0,4800.0,4590.0,4500.0,4295.0,4103.0,4285.0,4000.0,3900.0,3963.0,4000.0,4093.0,4030.0,4200.0,4350.0,4800.0,5301.0,5517.0,5887.0,5600.0,5539.0,5331.0,5343.0,5691.0,5672.0,5795.0,5981.0,6261.0,6350.0,6038.0,5973.0,5772.0,5750.0,5620.0,5950.0,5725.0,5800.0,5889.0,5995.0,6000.0,6000.0,6011.0,5995.0,5850.0,5740.0,5700.0,5916.0,5895.0,5695.0,5900.0,6171.0,6150.0,5895.0,6200.0,6434.0,6400.0,6150.0,5895.0,5900.0,6122.0,6100.0,6100.0,6300.0,6325.0,6398.0,6300.0,6186.0,6478.0,6000.0,5928.0,5900.0,6000.0,6195.0,6595.0,6561.0,6593.0
Flatlands,Brooklyn,neighborhood,,1300.0,1300.0,1300.0,,,,,,,,,2750.0,1300.0,1300.0,1150.0,1150.0,1150.0,1300.0,1500.0,1200.0,1200.0,,,,,,2100.0,1900.0,1900.0,,1550.0,1550.0,1550.0,1150.0,1150.0,1150.0,1550.0,1550.0,1450.0,1450.0,2550.0,2550.0,2550.0,,950.0,950.0,800.0,1175.0,,1175.0,1500.0,1175.0,1550.0,1550.0,1200.0,1200.0,1200.0,1200.0,1800.0,1800.0,1600.0,1600.0,2200.0,2200.0,2200.0,2200.0,2000.0,2000.0,1850.0,1850.0,1850.0,1850.0,1600.0,1600.0,1600.0,2300.0,2400.0,1900.0,2400.0,1650.0,1800.0,2500.0,2500.0,1500.0,1575.0,2200.0,2250.0,2000.0,2100.0,1650.0,2500.0,2300.0,2300.0,2100.0,1900.0,1850.0,2000.0,2300.0,2300.0,2250.0,2500.0,2300.0,1850.0,2100.0,1900.0,1850.0,1850.0,1700.0,2499.0,2300.0,2550.0,1500.0,2150.0,1600.0,2000.0,2100.0,2000.0,2100.0,1900.0,2299.0,1700.0,2000.0,2400.0,1500.0,1700.0,2150.0,2150.0,2000.0,2350.0,2150.0,2250.0,1700.0,1595.0,1595.0,1695.0,1699.0,1699.0,2400.0,1700.0,1700.0,1590.0,2300.0,1600.0,2190.0,2000.0,2400.0,1999.0,2200.0,2800.0,2800.0,2600.0,2700.0,2500.0,2400.0,2650.0,2400.0,2300.0,2300.0,2550.0,2100.0,2100.0,2800.0,2350.0,2350.0,3500.0,2800.0,2600.0,2800.0,3000.0,3000.0,2950.0,2995.0,2995.0,2700.0,2700.0,2200.0,2900.0,2900.0,3000.0,2575.0,2200.0,2800.0,2800.0,2975.0,2800.0,2095.0,2200.0,2600.0,2200.0,2850.0,2850.0,2350.0,1950.0,2200.0,3000.0,3500.0,2750.0
Floral Park,Queens,neighborhood,,,,,,,,,,,,,,,,,,,,,,,,,,2300.0,2300.0,,,,,,,,,,1200.0,1200.0,1200.0,3500.0,3500.0,3500.0,,3500.0,3500.0,1650.0,1600.0,1600.0,1600.0,1600.0,1600.0,1600.0,,,,,,,,,,,,,,,,,,,2400.0,2400.0,2200.0,,,,,,,,,,,,1895.0,1745.0,1600.0,,,,,2700.0,,,,,,,,,,,,,,,,,,1800.0,1700.0,1700.0,1700.0,1895.0,1745.0,1695.0,1650.0,2100.0,2100.0,,,2300.0,2300.0,,,,,,,,,,,,,,,,,,,,,,,,,,,,,2100.0,2450.0,2450.0,,,,2750.0,2750.0,,3550.0,3550.0,,,,,,,,,,,,,,,,,,,2000.0,,,,2250.0,,,,,,,,,,,,,
Flushing,Queens,neighborhood,1600.0,1450.0,1400.0,1400.0,1300.0,1275.0,1300.0,1150.0,1250.0,1250.0,1250.0,1350.0,1395.0,1295.0,1295.0,1295.0,1325.0,1325.0,1450.0,1475.0,1550.0,1350.0,1288.0,1495.0,1288.0,1300.0,1500.0,1600.0,1400.0,1400.0,1495.0,1495.0,1495.0,1495.0,1500.0,1600.0,1525.0,1500.0,1425.0,1600.0,1600.0,1575.0,1850.0,1950.0,1950.0,1600.0,1500.0,1515.0,1495.0,1700.0,1800.0,1850.0,1800.0,1795.0,1850.0,1975.0,1850.0,1850.0,1950.0,1795.0,1795.0,1795.0,1700.0,1800.0,1850.0,1800.0,1850.0,1850.0,1800.0,1800.0,1800.0,1750.0,1750.0,1850.0,1950.0,2050.0,2100.0,2200.0,1850.0,1850.0,2000.0,2200.0,2095.0,2150.0,2175.0,2200.0,1950.0,2050.0,2100.0,2200.0,2300.0,2200.0,1950.0,2000.0,2000.0,1865.0,1975.0,1895.0,1800.0,1950.0,1975.0,1900.0,1900.0,2020.0,1995.0,1825.0,1900.0,1915.0,1895.0,1900.0,1925.0,1950.0,1950.0,2000.0,2000.0,1925.0,1900.0,1837.0,1849.0,1850.0,1895.0,2000.0,2175.0,1850.0,1900.0,2200.0,2100.0,2050.0,2100.0,2075.0,2000.0,2099.0,1900.0,1900.0,1950.0,2035.0,1990.0,2100.0,2100.0,2000.0,1950.0,1800.0,1825.0,1950.0,1959.0,1950.0,2000.0,1995.0,2000.0,2000.0,2100.0,2195.0,2175.0,2200.0,2200.0,2250.0,2195.0,2100.0,2000.0,2300.0,2450.0,2500.0,2300.0,2300.0,2600.0,2500.0,2450.0,2500.0,2595.0,2650.0,2599.0,2650.0,2595.0,2624.0,2600.0,2450.0,2500.0,2500.0,2590.0,2500.0,2600.0,2650.0,2700.0,2750.0,2575.0,2650.0,2499.0,2500.0,2699.0,2700.0,2699.0,2650.0,2667.0,2599.0,2700.0,2800.0,2800.0,2800.0
Fordham,Bronx,neighborhood,,,,,,,850.0,850.0,,,,,,,,,,,,,,,795.0,795.0,1000.0,1000.0,1000.0,1600.0,1800.0,1050.0,1050.0,1100.0,1000.0,1200.0,1200.0,1100.0,1000.0,1150.0,1150.0,,,1000.0,1000.0,900.0,1000.0,1150.0,1150.0,1150.0,1100.0,1099.0,1100.0,1225.0,1225.0,1200.0,1150.0,1200.0,1200.0,1250.0,1195.0,1250.0,1250.0,1500.0,1500.0,1295.0,1295.0,1325.0,1375.0,1500.0,1450.0,1450.0,1450.0,1600.0,1500.0,1395.0,1425.0,1500.0,1595.0,1550.0,1550.0,1600.0,1550.0,1500.0,1550.0,1600.0,1475.0,1625.0,1795.0,1675.0,1695.0,1750.0,1755.0,1755.0,1900.0,1800.0,1755.0,1800.0,1845.0,1745.0,1895.0,1750.0,1750.0,1700.0,1800.0,2000.0,2000.0,1900.0,1695.0,1695.0,1750.0,1750.0,1695.0,1700.0,1800.0,2000.0,1926.0,1750.0,1883.0,1695.0,1625.0,1650.0,1650.0,1750.0,1725.0,1750.0,1795.0,1650.0,1750.0,1640.0,1650.0,1750.0,1795.0,1645.0,1675.0,1675.0,1750.0,1800.0,1785.0,1900.0,1950.0,1700.0,1850.0,1775.0,1650.0,1700.0,1650.0,1800.0,1869.0,1850.0,1791.0,1800.0,1725.0,1850.0,1850.0,1795.0,1750.0,1750.0,1725.0,1850.0,1650.0,1850.0,2050.0,2100.0,2050.0,2050.0,2250.0,2000.0,2250.0,1895.0,2000.0,1910.0,2050.0,2000.0,2299.0,1999.0,2101.0,2150.0,2350.0,2340.0,2200.0,2300.0,2050.0,1900.0,1995.0,2000.0,2000.0,2250.0,2120.0,2295.0,2155.0,2100.0,2000.0,2000.0,2000.0,1999.0,1929.0,2199.0,1950.0,2250.0
Forest Hills,Queens,neighborhood,1950.0,1675.0,1675.0,1650.0,1500.0,1550.0,1675.0,1750.0,1700.0,1700.0,1650.0,1650.0,1650.0,1650.0,1695.0,1795.0,1800.0,1825.0,1850.0,1895.0,2200.0,2150.0,2000.0,1875.0,1875.0,2000.0,1899.0,1895.0,1895.0,1925.0,2100.0,2050.0,2000.0,2100.0,1995.0,2150.0,1995.0,1875.0,1850.0,1800.0,1850.0,1800.0,2000.0,1895.0,1995.0,1850.0,1895.0,1925.0,1995.0,2000.0,1995.0,1995.0,1925.0,2015.0,2015.0,2300.0,2015.0,1995.0,2015.0,2095.0,2100.0,2015.0,2015.0,2015.0,2095.0,2200.0,2100.0,2200.0,2250.0,2200.0,2150.0,2200.0,2195.0,2150.0,2100.0,2175.0,2199.0,2195.0,2200.0,2200.0,2200.0,2200.0,2150.0,2195.0,2150.0,2150.0,2000.0,2000.0,2000.0,2100.0,2150.0,2150.0,2100.0,2100.0,2100.0,2050.0,1975.0,2000.0,2100.0,1999.0,1975.0,1975.0,2050.0,2100.0,2100.0,2000.0,2000.0,2000.0,2050.0,2000.0,2050.0,2095.0,2100.0,2100.0,2200.0,2295.0,2250.0,2150.0,2150.0,2195.0,2150.0,2150.0,2100.0,2145.0,2100.0,2000.0,2000.0,2000.0,2050.0,2000.0,2000.0,1995.0,1995.0,2000.0,1950.0,1950.0,1995.0,1965.0,1965.0,1985.0,2100.0,2150.0,2100.0,2100.0,2200.0,2195.0,2141.0,2285.0,2490.0,2350.0,2400.0,2500.0,2500.0,2350.0,2400.0,2430.0,2499.0,2499.0,2450.0,2500.0,2500.0,2495.0,2900.0,2900.0,2800.0,2500.0,2450.0,2500.0,2595.0,2475.0,2550.0,2550.0,2650.0,2650.0,2650.0,2815.0,2800.0,2795.0,2750.0,2700.0,2700.0,2800.0,2600.0,2625.0,2700.0,2800.0,3200.0,3150.0,3000.0,2998.0,2800.0,2900.0,2800.0,2900.0,2960.0,3061.0,3000.0,2950.0
Fort Greene,Brooklyn,neighborhood,2500.0,2200.0,2100.0,2200.0,2200.0,2250.0,2395.0,2400.0,2500.0,2500.0,2400.0,2400.0,2400.0,2500.0,2500.0,2700.0,2500.0,2675.0,2500.0,2700.0,2800.0,2700.0,2500.0,2500.0,2500.0,2600.0,2600.0,2800.0,2800.0,2550.0,2700.0,2750.0,2700.0,2550.0,2700.0,2850.0,2700.0,3100.0,3100.0,2888.0,2600.0,2950.0,2800.0,2795.0,3000.0,2800.0,2800.0,2750.0,2889.0,2750.0,2750.0,2750.0,2750.0,2850.0,2750.0,2800.0,2650.0,2699.0,2700.0,2750.0,2750.0,2850.0,3000.0,3100.0,2900.0,2975.0,2995.0,2900.0,2850.0,2850.0,2850.0,2800.0,2799.0,2800.0,2900.0,2800.0,2900.0,3000.0,3000.0,3050.0,3000.0,2970.0,2908.0,2895.0,2900.0,2950.0,3000.0,3140.0,3050.0,3090.0,3030.0,3050.0,2950.0,2800.0,2750.0,2700.0,2700.0,2700.0,2700.0,2800.0,2800.0,2950.0,3000.0,2995.0,2900.0,2895.0,3050.0,2900.0,2800.0,2800.0,3099.0,3300.0,3500.0,3291.0,3375.0,3300.0,3048.0,3088.0,3131.0,3195.0,3300.0,3138.0,3396.0,3242.0,3236.0,3000.0,2947.0,2850.0,2750.0,2800.0,2800.0,2795.0,2750.0,2700.0,2750.0,2700.0,2800.0,2900.0,3190.0,3328.0,3500.0,3500.0,3600.0,3613.0,3400.0,3495.0,3600.0,3890.0,3900.0,4000.0,4000.0,4000.0,3850.0,4216.0,4295.0,3895.0,3750.0,3811.0,3995.0,4050.0,3879.0,3850.0,4200.0,4200.0,4128.0,4125.0,3900.0,4000.0,3911.0,3800.0,3730.0,3800.0,3950.0,3995.0,4159.0,3964.0,4000.0,4000.0,3995.0,3900.0,4099.0,4000.0,4215.0,4300.0,4667.0,4700.0,4500.0,4500.0,4865.0,4745.0,4527.0,4500.0,4424.0,4495.0,4627.0,4855.0,4650.0,4644.0
Fresh Meadows,Queens,neighborhood,,,,,,,,,,,,,,,,,,,,2600.0,1300.0,1300.0,,1400.0,,,1895.0,1895.0,1895.0,2150.0,,,,,,,1650.0,1650.0,1650.0,1650.0,1650.0,,,,1500.0,3850.0,,1400.0,1400.0,1400.0,1400.0,1650.0,1700.0,1700.0,1850.0,1700.0,1400.0,1550.0,1400.0,1550.0,1775.0,1550.0,1800.0,1700.0,1800.0,1800.0,1400.0,4600.0,2000.0,2000.0,2000.0,1400.0,1400.0,1400.0,1400.0,1400.0,1950.0,1950.0,1900.0,1750.0,1750.0,1400.0,1700.0,1400.0,1850.0,1850.0,1800.0,2100.0,2000.0,2450.0,2450.0,1750.0,1400.0,1400.0,1400.0,,3500.0,2250.0,2000.0,1745.0,1745.0,1990.0,1690.0,1795.0,1775.0,2650.0,2650.0,1775.0,2380.0,1900.0,2200.0,2175.0,2195.0,1700.0,1850.0,1795.0,2250.0,3600.0,1825.0,3995.0,3600.0,1750.0,1974.0,2250.0,2000.0,2300.0,4600.0,1800.0,1960.0,1960.0,1750.0,2400.0,2400.0,3500.0,1825.0,1750.0,3400.0,1675.0,1725.0,1795.0,2250.0,1700.0,,2000.0,1995.0,1700.0,2100.0,1850.0,1850.0,2300.0,2175.0,4700.0,2450.0,,2200.0,,,4100.0,4100.0,3995.0,3995.0,2250.0,2300.0,2400.0,2500.0,2500.0,2500.0,2399.0,2395.0,2400.0,2235.0,2235.0,2400.0,2300.0,2300.0,2300.0,2500.0,2300.0,2300.0,2595.0,2700.0,2650.0,2600.0,2350.0,2400.0,2450.0,2400.0,2450.0,2450.0,2350.0,2450.0,2450.0,2700.0,2490.0,2490.0,2700.0,2795.0,2775.0
Gerritsen Beach,Brooklyn,neighborhood,,,,,,,,1250.0,1250.0,,,,,,,,,,,,,,,,,,,,,,,,,,,,,,,,,,,,,,,,,2100.0,2100.0,,2150.0,2000.0,2000.0,,1625.0,1625.0,,,,,,,,,,,,,,,,,,,,,,3500.0,3500.0,3100.0,3100.0,3100.0,,1299.0,1199.0,1199.0,,2350.0,1100.0,1900.0,1900.0,2100.0,2100.0,2100.0,2495.0,2475.0,2250.0,1800.0,1750.0,1800.0,2100.0,2100.0,1899.0,2500.0,2500.0,1899.0,1750.0,1650.0,1650.0,,,2499.0,2499.0,1600.0,1600.0,,1700.0,,,,,3000.0,,3000.0,,,,,2600.0,2600.0,,,,,,,,,,1600.0,1925.0,1400.0,,,,,,,1900.0,1900.0,1900.0,2300.0,2300.0,,,,,,,3000.0,,3150.0,3150.0,,3300.0,2999.0,2800.0,1750.0,1750.0,,,,,,,1800.0,1800.0,,,,,,3400.0,3400.0,,,5000.0,5000.0,5000.0,5000.0,,3000.0,3000.0,5000.0,4500.0,4500.0
Glen Oaks,Queens,neighborhood,2200.0,,,,,,,,,,,1600.0,1600.0,1600.0,1600.0,1600.0,1600.0,1800.0,1800.0,1800.0,1350.0,1600.0,1750.0,1500.0,1400.0,1500.0,1400.0,1325.0,1325.0,1850.0,1850.0,1850.0,1850.0,1850.0,1850.0,1475.0,1900.0,1900.0,1900.0,,1700.0,1700.0,1700.0,1650.0,1800.0,1800.0,1800.0,1800.0,1750.0,1775.0,1750.0,1750.0,1750.0,1750.0,1800.0,1750.0,1750.0,1750.0,1800.0,1800.0,1700.0,1700.0,1700.0,1700.0,1575.0,1650.0,1650.0,2600.0,2600.0,2025.0,1975.0,1475.0,1275.0,1525.0,1900.0,1900.0,2100.0,1900.0,1900.0,1900.0,2100.0,2100.0,2000.0,1850.0,1900.0,1900.0,2000.0,1900.0,1500.0,3200.0,3250.0,3200.0,3000.0,1800.0,1950.0,1850.0,1850.0,1800.0,2100.0,1850.0,3000.0,2100.0,2100.0,3000.0,2000.0,2000.0,2000.0,2000.0,1865.0,2125.0,,2875.0,3050.0,3000.0,2999.0,2995.0,2150.0,1800.0,2100.0,2100.0,2100.0,2100.0,2100.0,2100.0,,2150.0,2175.0,2200.0,2800.0,2100.0,2025.0,2100.0,2160.0,2160.0,2160.0,2125.0,1892.0,1925.0,2100.0,2100.0,2700.0,2700.0,2040.0,2125.0,2000.0,2145.0,1900.0,2389.0,1765.0,,2500.0,2400.0,2050.0,2200.0,2450.0,,2150.0,2050.0,2100.0,3000.0,3800.0,2542.0,2200.0,2500.0,2250.0,2275.0,2200.0,2450.0,2378.0,2500.0,2685.0,2500.0,2450.0,2615.0,1942.0,2500.0,2350.0,2500.0,2475.0,2450.0,2607.0,2452.0,3700.0,3300.0,2500.0,2000.0,3000.0,3500.0,3200.0,2800.0,2500.0,2375.0,2960.0,2820.0,2600.0,2550.0,3255.0,2925.0
Glendale,Queens,neighborhood,2500.0,2500.0,2500.0,2500.0,,,,,1200.0,1400.0,1400.0,1450.0,1400.0,1400.0,1200.0,1200.0,1250.0,1250.0,1250.0,1250.0,2500.0,1750.0,1500.0,1450.0,1500.0,1275.0,1500.0,1500.0,1450.0,1500.0,1500.0,1500.0,1750.0,1800.0,1500.0,1400.0,1450.0,1450.0,1300.0,1450.0,2400.0,1150.0,1400.0,1400.0,1375.0,1375.0,1325.0,1325.0,1550.0,1600.0,1600.0,1795.0,1750.0,1675.0,1750.0,1500.0,1700.0,1775.0,1600.0,1700.0,1795.0,1799.0,1795.0,1799.0,1800.0,2000.0,2000.0,1800.0,1800.0,1700.0,1675.0,1900.0,1850.0,1900.0,1850.0,1900.0,2195.0,2100.0,1900.0,1850.0,2000.0,1975.0,2085.0,2185.0,2200.0,2100.0,2000.0,2000.0,2000.0,2000.0,2000.0,1850.0,2000.0,2045.0,1999.0,1995.0,1995.0,1995.0,1995.0,2100.0,2200.0,2100.0,2300.0,2100.0,2000.0,2100.0,2100.0,2000.0,2000.0,2000.0,2292.0,2200.0,2125.0,2010.0,2100.0,2200.0,2275.0,2200.0,2100.0,2100.0,2170.0,2170.0,2200.0,2400.0,2275.0,2200.0,2215.0,2150.0,2200.0,2290.0,2150.0,2050.0,2099.0,2000.0,2000.0,2000.0,2000.0,2100.0,2000.0,2100.0,2300.0,2000.0,2200.0,2200.0,2150.0,2200.0,2300.0,2300.0,2299.0,2500.0,2350.0,2350.0,2299.0,2199.0,2300.0,2350.0,2400.0,2500.0,2500.0,2650.0,2500.0,2550.0,2500.0,2400.0,2500.0,2499.0,2500.0,2400.0,2500.0,2399.0,2400.0,2500.0,2800.0,2699.0,2800.0,2800.0,2700.0,2700.0,2850.0,2700.0,2450.0,2700.0,2600.0,2800.0,3000.0,3000.0,3100.0,3200.0,3200.0,2999.0,2800.0,2500.0,3022.0,2900.0,2850.0,2800.0,3150.0,2995.0
Gowanus,Brooklyn,neighborhood,1675.0,1600.0,1675.0,1750.0,1800.0,1900.0,2100.0,1995.0,1950.0,2600.0,2400.0,2500.0,2300.0,2300.0,2675.0,2750.0,2500.0,3200.0,3100.0,3495.0,3525.0,3620.0,2950.0,3184.0,2300.0,1750.0,2200.0,2350.0,2280.0,2280.0,2650.0,2650.0,2745.0,2600.0,2495.0,2700.0,2630.0,2950.0,2700.0,2950.0,3050.0,3120.0,2950.0,2850.0,2950.0,2895.0,2850.0,3000.0,2950.0,3200.0,3500.0,3450.0,3100.0,3195.0,2995.0,2795.0,2600.0,3400.0,3650.0,2995.0,2850.0,2995.0,2750.0,3100.0,3350.0,3200.0,3300.0,3500.0,3250.0,3250.0,3250.0,3295.0,3395.0,3250.0,3250.0,3200.0,3200.0,2900.0,2800.0,3277.0,3000.0,3000.0,3000.0,2995.0,2995.0,3000.0,2800.0,2760.0,2900.0,2900.0,2900.0,3000.0,3050.0,2800.0,2800.0,2695.0,2795.0,2795.0,2600.0,2799.0,3236.0,3000.0,3218.0,3400.0,2795.0,2975.0,2875.0,2900.0,3110.0,2900.0,2650.0,2704.0,2900.0,3400.0,3000.0,3000.0,3500.0,3250.0,3200.0,3199.0,2869.0,3100.0,3300.0,3100.0,3100.0,2750.0,2750.0,2675.0,2900.0,2700.0,2700.0,2793.0,2600.0,2595.0,2595.0,2650.0,2785.0,2995.0,2975.0,2900.0,2895.0,3100.0,3095.0,3000.0,3400.0,3799.0,3600.0,3254.0,4000.0,4200.0,4250.0,3995.0,3700.0,3500.0,3700.0,3850.0,3600.0,3995.0,3900.0,3800.0,4000.0,3495.0,4025.0,4100.0,3964.0,3900.0,3800.0,3900.0,3900.0,3900.0,3950.0,4100.0,3900.0,3725.0,3925.0,3950.0,3900.0,4000.0,3995.0,4500.0,4400.0,4475.0,4500.0,4400.0,4685.0,4600.0,4885.0,4650.0,4500.0,4500.0,4500.0,4650.0,4950.0,5000.0,4850.0,4595.0,4510.0,4575.0
Gramercy Park,Manhattan,neighborhood,3100.0,3000.0,2950.0,3100.0,2995.0,2900.0,2895.0,2900.0,3000.0,3195.0,3400.0,3250.0,2950.0,3100.0,2995.0,3000.0,2995.0,3100.0,2940.0,2950.0,3450.0,3600.0,3500.0,3450.0,3495.0,3295.0,3200.0,3195.0,3250.0,3395.0,3400.0,3400.0,3500.0,3600.0,3650.0,3600.0,3395.0,3495.0,3500.0,3450.0,3500.0,3345.0,3400.0,3500.0,3600.0,3500.0,3500.0,3500.0,3500.0,3400.0,3400.0,3500.0,3400.0,3400.0,3400.0,3400.0,3495.0,3350.0,3450.0,3450.0,3600.0,3450.0,3250.0,3500.0,3600.0,3650.0,3525.0,3695.0,3850.0,3595.0,3550.0,3795.0,3800.0,3795.0,3750.0,3800.0,3850.0,3700.0,3600.0,3595.0,3500.0,3300.0,3200.0,3300.0,3490.0,3500.0,3500.0,3590.0,3600.0,3500.0,3500.0,3495.0,3495.0,3300.0,3300.0,3495.0,3400.0,3575.0,3500.0,3475.0,3695.0,3500.0,3550.0,3600.0,3695.0,3500.0,3695.0,3650.0,3595.0,3795.0,3895.0,3800.0,4000.0,4250.0,4375.0,4150.0,4195.0,3850.0,3900.0,3975.0,4000.0,3850.0,3950.0,3795.0,3695.0,3600.0,3500.0,3300.0,3300.0,3199.0,3095.0,3050.0,3000.0,2900.0,2850.0,2895.0,2900.0,3100.0,3450.0,3490.0,3800.0,3990.0,3950.0,4395.0,4650.0,4350.0,4500.0,4500.0,4475.0,4600.0,4700.0,4500.0,5000.0,4950.0,4500.0,4600.0,4700.0,4944.0,4600.0,4650.0,4695.0,4895.0,4600.0,4650.0,4900.0,4900.0,4725.0,4495.0,4650.0,4575.0,4900.0,5000.0,4800.0,4595.0,4650.0,4600.0,4695.0,4925.0,4925.0,4700.0,4850.0,5000.0,4700.0,4795.0,5200.0,5295.0,5695.0,5250.0,5195.0,5195.0,5250.0,5100.0,5000.0,5200.0,5395.0,5495.0,5375.0,5350.0
Gravesend,Brooklyn,neighborhood,1450.0,1450.0,1400.0,1375.0,1233.0,1175.0,1200.0,1200.0,1700.0,1325.0,1325.0,1300.0,1300.0,1250.0,1400.0,1400.0,1295.0,1400.0,1400.0,1400.0,1200.0,1350.0,1295.0,1250.0,1300.0,1250.0,1250.0,1050.0,1250.0,1375.0,1375.0,1275.0,1275.0,1225.0,1250.0,1495.0,1425.0,1375.0,1375.0,1400.0,1393.0,1393.0,1550.0,1510.0,1500.0,1500.0,1500.0,1500.0,1475.0,1450.0,1425.0,1400.0,1400.0,1450.0,1600.0,1626.0,1400.0,1495.0,1650.0,1550.0,1600.0,1700.0,1700.0,1850.0,1795.0,1650.0,1700.0,1750.0,1675.0,1650.0,1650.0,1695.0,1750.0,1700.0,1750.0,1800.0,1850.0,1995.0,1750.0,1800.0,1800.0,1825.0,1975.0,1750.0,1800.0,1890.0,1800.0,1725.0,1750.0,1800.0,1800.0,1700.0,1800.0,1725.0,1875.0,1800.0,1700.0,1730.0,1750.0,1799.0,1925.0,1799.0,1800.0,1875.0,1700.0,1950.0,1800.0,1750.0,1700.0,1775.0,1750.0,1750.0,1795.0,1742.0,1799.0,1800.0,1900.0,1900.0,1900.0,1800.0,1975.0,1950.0,1825.0,1765.0,1799.0,1800.0,1900.0,1825.0,1825.0,1775.0,1795.0,1750.0,1725.0,1750.0,1795.0,1750.0,1800.0,1820.0,1800.0,1820.0,1825.0,1875.0,2000.0,1880.0,1950.0,1911.0,2100.0,2080.0,2050.0,2300.0,2100.0,2000.0,2000.0,2000.0,2295.0,2295.0,2525.0,2300.0,2300.0,2400.0,2350.0,2350.0,2349.0,2300.0,2700.0,2475.0,2300.0,2350.0,3055.0,3060.0,3060.0,3100.0,3000.0,3050.0,3000.0,2800.0,3050.0,2750.0,2700.0,3061.0,3149.0,3139.0,2850.0,3139.0,3148.0,3148.0,3150.0,3150.0,3150.0,3150.0,3150.0,3149.0,3081.0,3200.0,3050.0,3220.0,3200.0,2950.0
Greenpoint,Brooklyn,neighborhood,2250.0,2166.0,2300.0,2300.0,2300.0,2200.0,2350.0,2450.0,2500.0,2700.0,2600.0,2500.0,1900.0,2200.0,2300.0,2300.0,2500.0,2400.0,2300.0,2350.0,2350.0,2495.0,2300.0,2500.0,2300.0,2400.0,2300.0,2600.0,2600.0,2500.0,2500.0,2700.0,2500.0,2700.0,2750.0,2700.0,2500.0,2650.0,2650.0,2700.0,2700.0,2800.0,2850.0,2800.0,2795.0,2995.0,2800.0,2700.0,2850.0,2850.0,2700.0,2875.0,3000.0,3000.0,2900.0,2850.0,2800.0,2800.0,2700.0,2595.0,2500.0,2500.0,2600.0,2700.0,2700.0,2699.0,2800.0,2899.0,2900.0,2850.0,2700.0,2695.0,2750.0,2700.0,2799.0,2895.0,2800.0,2850.0,2900.0,2950.0,2900.0,2933.0,2900.0,2800.0,2800.0,2800.0,2795.0,2780.0,2795.0,2940.0,2900.0,2800.0,2895.0,2785.0,2700.0,2600.0,2600.0,2600.0,2700.0,2795.0,2794.0,2999.0,3024.0,2995.0,2949.0,2800.0,2792.0,2800.0,2850.0,2800.0,2750.0,2850.0,3138.0,3100.0,3200.0,3315.0,3300.0,3100.0,2995.0,2950.0,3100.0,3350.0,3295.0,3200.0,3190.0,3100.0,2970.0,2999.0,2850.0,2699.0,2725.0,2700.0,2600.0,2800.0,2750.0,2800.0,2850.0,2999.0,3395.0,3496.0,3400.0,3400.0,3400.0,3500.0,3547.0,3599.0,3608.0,3931.0,4000.0,4300.0,4399.0,4399.0,4395.0,4400.0,4100.0,4200.0,4000.0,4000.0,4125.0,4181.0,4450.0,4450.0,4490.0,4550.0,4500.0,4315.0,4205.0,4275.0,4315.0,4315.0,4330.0,4425.0,4313.0,4500.0,4400.0,4500.0,4400.0,4550.0,4700.0,4695.0,4632.0,4600.0,4500.0,4725.0,4749.0,4900.0,4800.0,4750.0,4675.0,4675.0,4750.0,4710.0,4756.0,4906.0,4800.0,4775.0,4800.0,4899.0
Greenwich Village,Manhattan,neighborhood,3200.0,3200.0,2950.0,3000.0,3000.0,3000.0,2950.0,3000.0,3500.0,3750.0,3650.0,3600.0,3400.0,3563.0,3295.0,3295.0,3300.0,3200.0,3000.0,3650.0,3950.0,3995.0,3895.0,3950.0,3700.0,3650.0,3700.0,3800.0,3600.0,3500.0,3600.0,3700.0,4000.0,3800.0,3900.0,3600.0,3600.0,3600.0,3600.0,3650.0,3600.0,3500.0,3550.0,3500.0,3500.0,3695.0,3700.0,3695.0,3700.0,3750.0,3799.0,3750.0,3795.0,3600.0,3490.0,3500.0,3600.0,3995.0,4025.0,4000.0,3900.0,3800.0,3795.0,3700.0,3590.0,3500.0,3575.0,3950.0,4100.0,4200.0,4000.0,4000.0,4000.0,3850.0,3900.0,3850.0,3850.0,3850.0,3900.0,3900.0,3965.0,3950.0,3834.0,3850.0,3850.0,3800.0,3895.0,3875.0,3795.0,3650.0,3700.0,3690.0,3750.0,3675.0,3595.0,3600.0,3550.0,3850.0,3600.0,3695.0,3650.0,3800.0,3800.0,3792.0,3895.0,3700.0,3975.0,3925.0,4195.0,3800.0,3800.0,3750.0,3995.0,3895.0,4000.0,3995.0,4600.0,4750.0,4400.0,4300.0,4295.0,4195.0,4250.0,3950.0,3850.0,3690.0,3550.0,3400.0,3385.0,3250.0,3000.0,3050.0,3100.0,3200.0,3100.0,3000.0,3195.0,3400.0,3600.0,4000.0,4000.0,4400.0,4295.0,4500.0,4700.0,4495.0,4595.0,4495.0,4500.0,4695.0,4700.0,5000.0,5495.0,4795.0,5100.0,5395.0,5495.0,5295.0,4825.0,5000.0,5100.0,4995.0,4995.0,4950.0,4995.0,4995.0,5000.0,5195.0,4990.0,4750.0,4695.0,5000.0,5495.0,5500.0,4900.0,5300.0,5300.0,5600.0,5525.0,5500.0,5500.0,5400.0,5150.0,4995.0,5200.0,5495.0,5595.0,5500.0,5695.0,5795.0,5750.0,5895.0,5750.0,5650.0,5400.0,5650.0,5600.0,5850.0
Greenwood,Brooklyn,neighborhood,1800.0,1800.0,1700.0,1700.0,1800.0,1800.0,1950.0,2300.0,2300.0,1999.0,1800.0,1700.0,1775.0,1395.0,1800.0,2300.0,2500.0,2000.0,2000.0,2000.0,2150.0,2650.0,2500.0,2100.0,1995.0,2000.0,2000.0,2000.0,2000.0,1950.0,1950.0,2150.0,1995.0,1990.0,2100.0,1900.0,2100.0,2100.0,2100.0,2065.0,1850.0,2125.0,2150.0,2200.0,2500.0,2350.0,2250.0,1995.0,1995.0,1995.0,2200.0,2200.0,2250.0,2200.0,2200.0,2100.0,2200.0,2150.0,2275.0,2200.0,2175.0,2100.0,2100.0,2200.0,2200.0,2290.0,2300.0,2300.0,2300.0,2300.0,2200.0,2250.0,2300.0,2375.0,2300.0,2200.0,2200.0,2300.0,2300.0,2400.0,2250.0,2100.0,2149.0,2150.0,2200.0,2200.0,2200.0,2400.0,2350.0,2375.0,2350.0,2300.0,2300.0,2499.0,2450.0,2300.0,2190.0,2250.0,2375.0,2400.0,2550.0,2670.0,2695.0,2750.0,2600.0,2400.0,2400.0,2200.0,2275.0,2350.0,2250.0,2350.0,2499.0,2399.0,2499.0,2599.0,2449.0,2499.0,2500.0,2450.0,2500.0,2500.0,2599.0,2450.0,2450.0,2500.0,2400.0,2400.0,2200.0,2200.0,2000.0,2100.0,2100.0,2000.0,2000.0,2100.0,2249.0,2199.0,2300.0,2350.0,2350.0,2400.0,2400.0,2350.0,2400.0,2399.0,2500.0,2800.0,3000.0,2800.0,2800.0,3150.0,2895.0,3000.0,3199.0,3200.0,3450.0,3295.0,3195.0,3195.0,3400.0,3300.0,3100.0,3000.0,3200.0,3487.0,3400.0,3650.0,3299.0,3050.0,3000.0,3000.0,3443.0,3595.0,3435.0,3400.0,3250.0,3300.0,3400.0,3000.0,3000.0,3350.0,3350.0,3350.0,3500.0,3675.0,3600.0,3800.0,3700.0,3595.0,3370.0,3400.0,3400.0,3450.0,3499.0,3700.0,3750.0,3825.0
Hamilton Heights,Manhattan,neighborhood,1700.0,1800.0,1700.0,1800.0,1700.0,1750.0,1850.0,1795.0,1995.0,1900.0,1875.0,1850.0,1800.0,1700.0,1700.0,1700.0,1750.0,2000.0,2050.0,2000.0,2350.0,2300.0,2350.0,2450.0,2450.0,2200.0,1995.0,1875.0,1950.0,2200.0,1995.0,1900.0,1850.0,1975.0,2150.0,2300.0,1945.0,2100.0,2000.0,1975.0,2200.0,2200.0,2100.0,2200.0,2350.0,2150.0,2200.0,1999.0,2175.0,2100.0,2175.0,2150.0,2195.0,2100.0,2250.0,2350.0,2200.0,2250.0,2250.0,2275.0,2300.0,2400.0,2300.0,2300.0,2400.0,2500.0,2500.0,2500.0,2400.0,2350.0,2350.0,2400.0,2450.0,2400.0,2500.0,2400.0,2400.0,2300.0,2300.0,2350.0,2350.0,2399.0,2400.0,2450.0,2400.0,2400.0,2395.0,2400.0,2450.0,2500.0,2450.0,2406.0,2500.0,2400.0,2300.0,2300.0,2265.0,2200.0,2400.0,2500.0,2400.0,2400.0,2520.0,2500.0,2600.0,2500.0,2475.0,2400.0,2350.0,2395.0,2425.0,2500.0,2500.0,2595.0,2595.0,2600.0,2600.0,2495.0,2450.0,2450.0,2350.0,2550.0,2600.0,2700.0,2500.0,2549.0,2500.0,2400.0,2350.0,2340.0,2250.0,2270.0,2290.0,2200.0,2180.0,2200.0,2267.0,2300.0,2367.0,2350.0,2375.0,2400.0,2400.0,2500.0,2500.0,2500.0,2550.0,2550.0,2625.0,2795.0,2795.0,2800.0,2800.0,3000.0,2800.0,2695.0,2700.0,2650.0,2599.0,2650.0,2700.0,2800.0,2975.0,2970.0,2970.0,2800.0,2800.0,2725.0,2899.0,2850.0,2700.0,2750.0,2950.0,2950.0,2950.0,2900.0,2800.0,2750.0,2800.0,2800.0,2800.0,2800.0,2800.0,2900.0,3000.0,3100.0,3195.0,3200.0,3200.0,3200.0,3000.0,2900.0,2900.0,2995.0,3000.0,3000.0,3200.0,3250.0
Highbridge,Bronx,neighborhood,1145.0,1125.0,1125.0,1099.0,1045.0,,,,,,,799.0,799.0,,,,845.0,850.0,850.0,850.0,1075.0,1095.0,1175.0,1150.0,1150.0,1200.0,1200.0,1150.0,1150.0,900.0,899.0,925.0,1099.0,1099.0,1175.0,1200.0,1200.0,1125.0,1200.0,1200.0,1295.0,1200.0,1200.0,1200.0,950.0,899.0,1102.0,1150.0,1200.0,1175.0,1225.0,950.0,847.0,847.0,975.0,1500.0,1525.0,1525.0,1525.0,1400.0,1250.0,1250.0,1250.0,1299.0,1500.0,1525.0,1450.0,1600.0,1299.0,1370.0,1325.0,1550.0,1650.0,1650.0,1650.0,1650.0,1650.0,1700.0,1700.0,1800.0,1699.0,1800.0,1600.0,1549.0,1599.0,1600.0,1700.0,1650.0,1675.0,1700.0,1800.0,1600.0,2010.0,1850.0,1788.0,1790.0,1800.0,2047.0,1800.0,1800.0,1800.0,1800.0,1750.0,1725.0,1800.0,1995.0,1950.0,1850.0,2166.0,2155.0,1850.0,1550.0,1625.0,1850.0,1950.0,1850.0,1650.0,1750.0,1800.0,1900.0,1925.0,1945.0,1800.0,1904.0,1900.0,1900.0,1904.0,1835.0,1850.0,1850.0,1799.0,1700.0,1650.0,1650.0,1804.0,1788.0,1875.0,1900.0,1900.0,1950.0,1850.0,1750.0,1700.0,1875.0,1904.0,1849.0,2048.0,2048.0,2025.0,2100.0,2095.0,2095.0,1895.0,1760.0,1725.0,1995.0,2100.0,2375.0,1825.0,2200.0,2300.0,2349.0,2349.0,2349.0,2349.0,2349.0,2200.0,2365.0,2050.0,2345.0,2000.0,2250.0,2000.0,2095.0,2350.0,2101.0,2550.0,2299.0,1995.0,1995.0,1995.0,2295.0,2300.0,2658.0,2485.0,2485.0,2433.0,2495.0,2500.0,2500.0,2500.0,1950.0,1795.0,2250.0,2000.0,2046.0,2046.0,2293.0
Hillcrest,Queens,neighborhood,1300.0,1300.0,,,,,,,,,,,,,,,,,800.0,,,,,,,,,,,2400.0,1850.0,1850.0,1600.0,,1350.0,1350.0,,,,,,,,,2250.0,2250.0,2250.0,2250.0,2250.0,2250.0,950.0,950.0,,1900.0,,2300.0,1800.0,1800.0,3500.0,3500.0,2100.0,2100.0,2100.0,1600.0,1600.0,2150.0,2500.0,,1900.0,2000.0,1900.0,2250.0,2250.0,2250.0,2200.0,1900.0,1900.0,2000.0,2350.0,2350.0,1950.0,1900.0,1900.0,1900.0,1895.0,2000.0,2500.0,2350.0,2350.0,2400.0,2450.0,2450.0,1800.0,2200.0,2400.0,1799.0,2400.0,2400.0,2700.0,2400.0,2700.0,2880.0,4350.0,4000.0,3200.0,3000.0,2600.0,3200.0,3100.0,3100.0,3200.0,3200.0,2500.0,2500.0,2100.0,2100.0,2500.0,3200.0,3200.0,2500.0,3200.0,2500.0,3200.0,3000.0,2800.0,3500.0,2900.0,2200.0,2200.0,2000.0,2000.0,,,2600.0,2600.0,2600.0,2300.0,2195.0,2195.0,1900.0,3900.0,1650.0,2500.0,3200.0,2000.0,2200.0,2200.0,2300.0,2300.0,2650.0,4349.0,4350.0,4195.0,3200.0,3100.0,2800.0,2900.0,3800.0,3600.0,3500.0,2000.0,2000.0,2000.0,4200.0,3100.0,2400.0,3499.0,3200.0,3000.0,2500.0,2500.0,2500.0,2350.0,4750.0,4750.0,5400.0,2300.0,2100.0,2100.0,3700.0,2300.0,4000.0,4200.0,3200.0,3200.0,,2400.0,2400.0,3700.0,2850.0,3990.0,2800.0,4500.0,3790.0,2900.0,3350.0,3295.0,3295.0
Hollis,Queens,neighborhood,,,,,,,,,,,,,,,,,,,,,,,,,,,,,,,,,,,,,,,,,,,,1799.0,1599.0,1600.0,1600.0,1600.0,1600.0,,,1400.0,1400.0,,1298.0,1498.0,,,1100.0,1100.0,1300.0,1400.0,1600.0,1600.0,1500.0,1450.0,1450.0,1750.0,1750.0,1850.0,2000.0,2000.0,2000.0,,1800.0,1400.0,1400.0,1250.0,,1425.0,1400.0,1400.0,1675.0,,1900.0,1450.0,1450.0,1550.0,1495.0,1496.0,1496.0,1450.0,1800.0,1675.0,3000.0,1400.0,1450.0,1500.0,2395.0,1450.0,1850.0,2300.0,2200.0,1495.0,1375.0,1875.0,1800.0,1700.0,1975.0,2400.0,1725.0,1800.0,1595.0,1595.0,1650.0,1800.0,2000.0,2375.0,1600.0,2200.0,1650.0,2100.0,1995.0,2200.0,2000.0,1900.0,1650.0,1600.0,1525.0,1650.0,1550.0,1750.0,1850.0,2000.0,1850.0,1600.0,1550.0,1500.0,1751.0,1618.0,1414.0,2095.0,2158.0,1925.0,1900.0,1642.0,2250.0,1795.0,1795.0,,1600.0,2150.0,2195.0,2150.0,1799.0,2100.0,2200.0,1350.0,1899.0,2700.0,2150.0,2300.0,2050.0,1995.0,2095.0,2095.0,2095.0,2200.0,1595.0,3188.0,3188.0,3500.0,1929.0,1929.0,1950.0,1967.0,1929.0,1967.0,1967.0,1899.0,2099.0,1650.0,2300.0,2300.0,2000.0,1725.0,1725.0,1499.0,1968.0,1999.0,1969.0,1899.0,2031.0,2250.0,2199.0,2199.0,2225.0,2250.0
Howard Beach,Queens,neighborhood,1650.0,1200.0,1200.0,1650.0,1650.0,1200.0,,,,,,,,,,,,,,,1825.0,1650.0,1700.0,1700.0,1700.0,,1800.0,,,,,,,1100.0,1100.0,1100.0,1100.0,1250.0,,,,,1550.0,1900.0,2800.0,5900.0,5900.0,2200.0,2100.0,1795.0,1600.0,1600.0,1600.0,1600.0,1750.0,,,2000.0,1600.0,1500.0,2000.0,2000.0,2000.0,975.0,975.0,,1750.0,1750.0,1400.0,1400.0,1400.0,1400.0,1300.0,2500.0,1800.0,2150.0,2150.0,2150.0,2300.0,2300.0,2350.0,2300.0,1990.0,1500.0,1500.0,1500.0,1500.0,1950.0,1900.0,2200.0,1950.0,1700.0,1800.0,1750.0,2150.0,2298.0,1900.0,1700.0,1800.0,1900.0,1900.0,1950.0,2000.0,1800.0,2000.0,2000.0,2000.0,2000.0,2200.0,2895.0,2100.0,2400.0,2100.0,2000.0,2000.0,2400.0,3000.0,2299.0,1998.0,2649.0,2400.0,2650.0,2505.0,2400.0,2400.0,2299.0,2200.0,2200.0,2250.0,1800.0,1800.0,1600.0,1900.0,1300.0,2250.0,1900.0,2500.0,1700.0,2200.0,2200.0,1700.0,1900.0,2400.0,2150.0,2300.0,2200.0,2200.0,2500.0,2490.0,2200.0,2200.0,2500.0,2500.0,2300.0,2200.0,2200.0,2200.0,2200.0,2400.0,2600.0,2500.0,1800.0,2350.0,1750.0,2499.0,2600.0,2500.0,2500.0,2000.0,1800.0,1500.0,2300.0,2500.0,2750.0,1800.0,1950.0,2500.0,2900.0,2500.0,2600.0,2800.0,2600.0,2450.0,2750.0,2500.0,2550.0,1999.0,3500.0,2500.0,2850.0,1995.0,1995.0,3150.0,2100.0,2999.0,2799.0,2800.0,2950.0
Hunts Point,Bronx,neighborhood,,,,,,,,,,,,,,,,,,,,,,925.0,925.0,,,,,,,,,1490.0,1490.0,1490.0,1490.0,1490.0,1490.0,1490.0,,,,,1650.0,1650.0,,,,,,,,,,,,,925.0,925.0,,,1750.0,1225.0,1225.0,1225.0,950.0,1275.0,1275.0,1275.0,1400.0,1400.0,1400.0,1300.0,1290.0,1400.0,1400.0,1300.0,1100.0,1100.0,1100.0,1100.0,1100.0,1100.0,1600.0,1600.0,1350.0,1350.0,1650.0,1675.0,1675.0,1650.0,1650.0,1325.0,1650.0,2300.0,2275.0,2050.0,1625.0,1600.0,1675.0,1425.0,1600.0,2250.0,1425.0,1545.0,1575.0,1500.0,1500.0,1425.0,1400.0,1400.0,1595.0,1595.0,1399.0,1450.0,1500.0,1550.0,1500.0,1500.0,2500.0,2500.0,1895.0,1895.0,1895.0,2500.0,1895.0,,2500.0,2500.0,1550.0,1538.0,1900.0,1800.0,1600.0,1500.0,1500.0,,1750.0,,1400.0,1700.0,1650.0,1450.0,1950.0,1950.0,2325.0,2325.0,2000.0,1850.0,1700.0,1850.0,1850.0,1850.0,3200.0,3200.0,3000.0,,2387.0,1500.0,1950.0,1925.0,1850.0,2650.0,1750.0,1750.0,3350.0,3350.0,3250.0,2700.0,1900.0,2240.0,2000.0,3700.0,3705.0,3705.0,3705.0,3700.0,,2244.0,2511.0,2244.0,3457.0,1850.0,1850.0,1850.0,1750.0,1700.0,1700.0,2200.0,2200.0,,,2710.0,2150.0,1875.0,1895.0,3300.0,3000.0,3200.0
Inwood,Manhattan,neighborhood,1400.0,1395.0,1395.0,1395.0,1350.0,1299.0,1375.0,1450.0,1695.0,1600.0,1595.0,1595.0,1700.0,1595.0,1550.0,1600.0,1595.0,1450.0,1500.0,1500.0,1500.0,1550.0,1475.0,1495.0,1495.0,1475.0,1475.0,1455.0,1475.0,1550.0,1490.0,1550.0,1550.0,1499.0,1400.0,1450.0,1400.0,1399.0,1450.0,1400.0,1400.0,1500.0,1500.0,1520.0,1550.0,1695.0,1650.0,1650.0,1750.0,1600.0,1600.0,1675.0,1650.0,1650.0,1650.0,1695.0,1750.0,1750.0,1800.0,1675.0,1783.0,1750.0,1675.0,1850.0,1850.0,1900.0,1950.0,1950.0,1770.0,1900.0,1900.0,1950.0,1925.0,1800.0,1800.0,1950.0,1950.0,1850.0,1875.0,1825.0,1800.0,1795.0,1800.0,1800.0,1750.0,1800.0,1830.0,1850.0,1895.0,1850.0,1850.0,1850.0,1850.0,1850.0,1750.0,1800.0,1875.0,1850.0,1924.0,1924.0,1850.0,2000.0,2000.0,1900.0,1925.0,1995.0,1900.0,1850.0,1800.0,1990.0,1910.0,1950.0,1880.0,1975.0,2050.0,2000.0,2053.0,2100.0,2000.0,2000.0,2025.0,2025.0,1995.0,2000.0,2000.0,1950.0,1950.0,2019.0,1950.0,1897.0,1853.0,1850.0,1880.0,1883.0,1900.0,1899.0,1850.0,1800.0,1850.0,1850.0,1882.0,1925.0,1925.0,1950.0,1975.0,2050.0,2000.0,2175.0,2150.0,2050.0,2100.0,2156.0,2195.0,2000.0,2000.0,2000.0,2100.0,2000.0,2000.0,2100.0,2199.0,2200.0,2195.0,2195.0,2329.0,2200.0,2395.0,2350.0,2200.0,2200.0,2200.0,2175.0,2150.0,2100.0,2200.0,2325.0,2300.0,2139.0,2225.0,2300.0,2395.0,2395.0,2500.0,2975.0,3125.0,3125.0,3155.0,3125.0,3125.0,3100.0,3125.0,3125.0,3208.0,3000.0,3025.0,3200.0,3225.0,2795.0
Jackson Heights,Queens,neighborhood,1250.0,1250.0,1425.0,1425.0,1350.0,1350.0,1375.0,1350.0,1350.0,1350.0,1525.0,1500.0,1350.0,1345.0,1345.0,1345.0,1375.0,1375.0,1345.0,1450.0,1375.0,1300.0,1395.0,1500.0,1500.0,1500.0,1400.0,1425.0,1500.0,1650.0,1500.0,1500.0,1575.0,1700.0,1700.0,1600.0,1495.0,1600.0,1600.0,1650.0,1600.0,1500.0,1600.0,1500.0,1500.0,1600.0,1595.0,1550.0,1650.0,1750.0,1750.0,1750.0,1750.0,1700.0,1700.0,1700.0,1700.0,1700.0,1700.0,1700.0,1750.0,1750.0,1742.0,1750.0,1750.0,1800.0,1795.0,1850.0,1800.0,1800.0,1850.0,1850.0,1800.0,1800.0,1795.0,1800.0,1800.0,1900.0,1900.0,1900.0,1875.0,1950.0,1900.0,1900.0,1975.0,1875.0,1850.0,1850.0,1875.0,1850.0,1850.0,1850.0,1900.0,1850.0,1900.0,1925.0,1900.0,1950.0,1893.0,1900.0,1850.0,1865.0,1937.0,1950.0,1950.0,1900.0,1800.0,1800.0,1775.0,1799.0,1850.0,1925.0,2000.0,1995.0,2100.0,1995.0,1950.0,1925.0,1975.0,1960.0,2099.0,2100.0,2000.0,2000.0,2000.0,2000.0,2000.0,1950.0,1950.0,2000.0,1900.0,1800.0,1800.0,1800.0,1850.0,1800.0,1800.0,1850.0,1900.0,1900.0,1899.0,1950.0,2100.0,2000.0,1900.0,1890.0,1900.0,2050.0,2100.0,2025.0,2100.0,2100.0,2200.0,2195.0,2200.0,2150.0,2100.0,2250.0,2275.0,2290.0,2300.0,2400.0,2499.0,2500.0,2499.0,2300.0,2350.0,2395.0,2400.0,2400.0,2400.0,2200.0,2200.0,2400.0,2400.0,2400.0,2400.0,2300.0,2250.0,2400.0,2600.0,2390.0,2300.0,2400.0,2500.0,2495.0,2450.0,2500.0,2500.0,2500.0,2500.0,2499.0,2499.0,2388.0,2499.0,2500.0,2750.0,2875.0
Jamaica,Queens,neighborhood,1100.0,1000.0,1000.0,1100.0,,,,,1500.0,1500.0,1500.0,1500.0,1550.0,1500.0,1550.0,1500.0,1500.0,1400.0,1100.0,1100.0,1100.0,1550.0,1700.0,1700.0,1750.0,1899.0,1899.0,1616.0,1616.0,1899.0,1899.0,1500.0,1495.0,1495.0,1249.0,850.0,,1550.0,1500.0,1550.0,1595.0,1550.0,1595.0,1750.0,1650.0,1595.0,1700.0,1695.0,1675.0,1695.0,1595.0,1450.0,1595.0,1595.0,1695.0,1695.0,2000.0,1695.0,1695.0,1700.0,2150.0,1695.0,1795.0,1400.0,1550.0,1600.0,1600.0,1650.0,1550.0,1500.0,1500.0,1875.0,1800.0,1800.0,1950.0,1995.0,1950.0,1950.0,1895.0,1950.0,1833.0,1902.0,1948.0,2010.0,1950.0,1950.0,2010.0,2000.0,2010.0,2295.0,2383.0,1725.0,1725.0,2000.0,1828.0,1850.0,2053.0,2000.0,1995.0,1995.0,1900.0,2200.0,2383.0,2383.0,2275.0,2170.0,2170.0,2080.0,2170.0,2000.0,2170.0,2170.0,2170.0,2170.0,2170.0,2170.0,2200.0,2195.0,2200.0,2195.0,2200.0,2229.0,2275.0,2150.0,2175.0,2019.0,2111.0,2030.0,2050.0,2083.0,2100.0,2025.0,2120.0,2285.0,2000.0,1995.0,2100.0,2200.0,2300.0,2542.0,2325.0,2442.0,2442.0,2350.0,2425.0,2368.0,2400.0,2442.0,2690.0,2695.0,2701.0,2777.0,2630.0,2630.0,2695.0,2695.0,2685.0,2710.0,2680.0,2685.0,2745.0,2775.0,2715.0,2785.0,2800.0,2830.0,2850.0,2800.0,2900.0,2950.0,2953.0,2850.0,2825.0,3050.0,3050.0,3000.0,3050.0,3000.0,3050.0,2995.0,2864.0,3025.0,3000.0,2899.0,2965.0,2966.0,2914.0,2955.0,2935.0,2910.0,2935.0,2860.0,2885.0,2835.0,2840.0,2842.0,2850.0,2850.0
Jamaica Estates,Queens,neighborhood,5000.0,5000.0,,,,,,,1200.0,1200.0,,1450.0,1300.0,1300.0,1300.0,1300.0,950.0,3500.0,1225.0,2000.0,1225.0,1195.0,1600.0,1500.0,1400.0,1400.0,1400.0,1400.0,1175.0,1325.0,1175.0,1325.0,,1050.0,1050.0,1050.0,1750.0,1750.0,1695.0,1650.0,1200.0,1200.0,1300.0,1300.0,1450.0,1200.0,1450.0,1795.0,1500.0,1450.0,1500.0,1400.0,1500.0,1400.0,1400.0,1600.0,1650.0,1695.0,1600.0,1600.0,1600.0,1599.0,1550.0,1465.0,1599.0,1650.0,1599.0,1650.0,1650.0,1500.0,1600.0,1625.0,1625.0,1650.0,1595.0,1500.0,1625.0,1700.0,1700.0,1900.0,1775.0,1750.0,1750.0,1850.0,2195.0,1895.0,1845.0,1795.0,1600.0,1750.0,1875.0,2500.0,1995.0,1995.0,1995.0,1850.0,1850.0,1800.0,1975.0,1800.0,1870.0,2575.0,2345.0,2250.0,2300.0,2250.0,1800.0,1985.0,1550.0,2000.0,1799.0,1775.0,1895.0,1895.0,1842.0,1899.0,1750.0,1750.0,1600.0,1775.0,1895.0,2050.0,2275.0,1850.0,1800.0,1800.0,1900.0,1960.0,1850.0,1960.0,1795.0,1800.0,1775.0,1895.0,1960.0,1850.0,1850.0,1850.0,1960.0,1895.0,1875.0,1875.0,1850.0,1900.0,1800.0,1850.0,1800.0,1850.0,1960.0,2165.0,2450.0,2600.0,2100.0,2000.0,2000.0,1985.0,1800.0,1825.0,1950.0,1675.0,1950.0,2150.0,2200.0,2150.0,2450.0,2150.0,2149.0,2095.0,1895.0,2025.0,2049.0,2000.0,2100.0,2176.0,2350.0,2500.0,2195.0,2075.0,2150.0,2279.0,2550.0,2499.0,2500.0,2550.0,2770.0,2750.0,2300.0,2250.0,2200.0,2150.0,2100.0,2200.0,2300.0,2300.0,2250.0,2400.0,2395.0,2700.0
Jamaica Hills,Queens,neighborhood,,,,,,,1450.0,1199.0,1199.0,1199.0,,1850.0,1850.0,1850.0,1400.0,1850.0,1850.0,1850.0,1850.0,1850.0,1850.0,1850.0,1850.0,1300.0,1300.0,1300.0,1300.0,1300.0,1300.0,1300.0,1300.0,1100.0,1100.0,1100.0,1100.0,1000.0,1000.0,1000.0,1000.0,1700.0,1700.0,1700.0,,,,,,,2000.0,2000.0,,,,2000.0,2000.0,1800.0,1300.0,1150.0,1200.0,1300.0,1799.0,2800.0,,1250.0,1325.0,1350.0,1295.0,1295.0,1800.0,2150.0,1375.0,1150.0,1350.0,1350.0,1675.0,2500.0,,1750.0,1750.0,1900.0,1600.0,1400.0,1900.0,1575.0,1650.0,1550.0,1500.0,1925.0,1900.0,1795.0,2250.0,2400.0,2000.0,3500.0,,,1400.0,1850.0,2025.0,1995.0,2000.0,2350.0,2449.0,2445.0,3000.0,2995.0,3150.0,2850.0,2500.0,1595.0,1595.0,1800.0,2000.0,2150.0,1875.0,1795.0,1850.0,1895.0,2150.0,1700.0,1950.0,2000.0,2000.0,1850.0,1850.0,1850.0,1845.0,1700.0,1800.0,1750.0,1750.0,1800.0,1650.0,1650.0,1650.0,1850.0,1850.0,1850.0,1775.0,1850.0,1850.0,1975.0,1600.0,1575.0,1575.0,1575.0,1600.0,1650.0,1650.0,1850.0,2200.0,1950.0,1795.0,2250.0,2250.0,2250.0,1875.0,1650.0,1625.0,1750.0,1645.0,1692.0,1825.0,2650.0,2200.0,2000.0,2000.0,2000.0,2100.0,1904.0,2000.0,2200.0,2100.0,1902.0,1899.0,1967.0,1899.0,1899.0,1899.0,1899.0,1900.0,2400.0,2100.0,2100.0,2300.0,2495.0,1995.0,1999.0,2136.0,1999.0,1999.0,1850.0,1899.0,1980.0,1899.0,1980.0,2175.0,2350.0
Kensington,Brooklyn,neighborhood,1854.0,1550.0,1250.0,1250.0,1800.0,1800.0,1750.0,1850.0,1700.0,1600.0,1650.0,1600.0,1650.0,1650.0,2400.0,1700.0,1700.0,1850.0,1550.0,1600.0,1800.0,1675.0,1550.0,1550.0,1650.0,1600.0,1600.0,1800.0,1850.0,1650.0,1750.0,1700.0,1800.0,1850.0,2050.0,1700.0,1500.0,1500.0,1700.0,1650.0,1950.0,1750.0,1700.0,1800.0,1850.0,2100.0,2025.0,1890.0,1800.0,1600.0,1900.0,1900.0,1900.0,1990.0,1875.0,1800.0,1828.0,1900.0,1950.0,1875.0,1799.0,1815.0,1900.0,2000.0,2000.0,2000.0,2100.0,2000.0,2100.0,2250.0,2200.0,2175.0,2150.0,2075.0,1950.0,2100.0,2000.0,2100.0,2100.0,2175.0,2100.0,2125.0,2100.0,2100.0,2100.0,1950.0,1895.0,1900.0,1950.0,2000.0,2100.0,2095.0,2050.0,2100.0,2000.0,2000.0,2095.0,2100.0,2100.0,1975.0,1995.0,2000.0,2203.0,2200.0,2100.0,2000.0,2100.0,2133.0,2150.0,2150.0,1999.0,2200.0,2150.0,2100.0,2250.0,2315.0,2372.0,2195.0,2195.0,2000.0,2100.0,2250.0,2200.0,2249.0,2124.0,2200.0,2180.0,2100.0,2016.0,1900.0,1875.0,1850.0,1875.0,1850.0,1800.0,1795.0,1810.0,1900.0,1995.0,2100.0,2250.0,2199.0,2100.0,2149.0,2299.0,2225.0,2250.0,2249.0,2550.0,2600.0,2650.0,2600.0,2550.0,2399.0,2255.0,2400.0,2400.0,2500.0,2646.0,2800.0,2650.0,2599.0,2500.0,2600.0,2700.0,2400.0,2300.0,2450.0,2495.0,2700.0,2705.0,2800.0,2800.0,2750.0,2600.0,2700.0,2600.0,2500.0,2690.0,2700.0,2600.0,2799.0,2600.0,2800.0,2895.0,2900.0,2800.0,2950.0,2800.0,2800.0,3000.0,2600.0,2600.0,3100.0,2825.0,2798.0,2900.0,2750.0
Kew Gardens,Queens,neighborhood,1500.0,1425.0,1500.0,1450.0,1450.0,1350.0,1400.0,1575.0,1700.0,1399.0,1350.0,1275.0,1395.0,1400.0,1500.0,1395.0,1295.0,1295.0,1170.0,1300.0,1525.0,1460.0,1500.0,1475.0,1495.0,1550.0,1500.0,1400.0,1695.0,2100.0,2200.0,2800.0,3150.0,2954.0,2200.0,1800.0,1600.0,1500.0,1500.0,1500.0,1650.0,1900.0,1795.0,1650.0,1895.0,1750.0,1700.0,1700.0,1850.0,1525.0,1525.0,1525.0,1650.0,1650.0,1650.0,1950.0,1700.0,1650.0,1600.0,1650.0,1725.0,1725.0,1700.0,1800.0,1850.0,1750.0,1800.0,1895.0,1895.0,1850.0,1850.0,1950.0,2000.0,1825.0,1795.0,1875.0,1875.0,1950.0,2000.0,2000.0,1900.0,1950.0,1900.0,2000.0,1995.0,1900.0,1925.0,1999.0,1850.0,1850.0,1825.0,1900.0,1900.0,1950.0,2000.0,2050.0,2050.0,1925.0,2000.0,1895.0,1850.0,2085.0,1925.0,1895.0,1850.0,1895.0,1850.0,2000.0,1850.0,1895.0,1900.0,1995.0,2050.0,2062.0,1995.0,1993.0,1899.0,1899.0,1836.0,1875.0,1895.0,2000.0,1975.0,1900.0,1850.0,1800.0,1849.0,1825.0,1900.0,1800.0,1875.0,1800.0,1850.0,1875.0,1850.0,1800.0,1800.0,1850.0,1850.0,1900.0,1895.0,1950.0,1995.0,2060.0,2050.0,1995.0,1999.0,1975.0,2000.0,2100.0,2100.0,2150.0,2150.0,2200.0,2295.0,2250.0,2300.0,2225.0,2100.0,2100.0,2250.0,2295.0,2349.0,2495.0,2495.0,2495.0,2400.0,2400.0,2375.0,2395.0,2450.0,2650.0,2595.0,2600.0,2595.0,2420.0,2410.0,2395.0,2350.0,2490.0,2495.0,2495.0,2350.0,2395.0,2450.0,2599.0,2599.0,2600.0,2700.0,2795.0,2400.0,2750.0,2725.0,2700.0,2750.0,2680.0,2450.0,2800.0
Kew Gardens Hills,Queens,neighborhood,1350.0,1400.0,1400.0,1350.0,1350.0,1350.0,1350.0,1600.0,1800.0,1795.0,1850.0,1500.0,1500.0,1500.0,1350.0,1400.0,2350.0,1800.0,1500.0,1500.0,1400.0,1400.0,1280.0,1375.0,1100.0,1250.0,1350.0,1450.0,1595.0,1695.0,1450.0,1300.0,1375.0,1250.0,1250.0,1595.0,1650.0,1550.0,1250.0,1795.0,1695.0,1650.0,1650.0,2000.0,2000.0,1800.0,1700.0,1695.0,1695.0,2000.0,2175.0,2100.0,1800.0,1800.0,1725.0,2000.0,1825.0,2249.0,2250.0,1950.0,1850.0,1725.0,1550.0,1750.0,1875.0,1900.0,1950.0,1950.0,1800.0,1950.0,2000.0,2000.0,1950.0,1875.0,1875.0,1925.0,1788.0,1831.0,1950.0,2200.0,2050.0,2013.0,2000.0,2013.0,1975.0,1975.0,1975.0,1810.0,1810.0,1800.0,1800.0,1975.0,1975.0,1995.0,1904.0,1773.0,1900.0,1854.0,1895.0,2000.0,2000.0,2000.0,1850.0,1810.0,2000.0,2000.0,1975.0,1850.0,1850.0,2000.0,1834.0,1856.0,1833.0,2025.0,2000.0,1925.0,1925.0,1985.0,1975.0,1810.0,1925.0,1900.0,1900.0,1900.0,1810.0,2250.0,2100.0,2000.0,1800.0,1995.0,1950.0,1875.0,1900.0,1900.0,1900.0,1999.0,2025.0,1950.0,1900.0,1800.0,2100.0,2000.0,2050.0,1999.0,2150.0,2200.0,2000.0,2225.0,2220.0,2000.0,2095.0,2399.0,2400.0,2450.0,2600.0,2400.0,2299.0,2250.0,2300.0,2150.0,2450.0,3200.0,2975.0,2980.0,3000.0,2999.0,2800.0,2350.0,2850.0,2800.0,2525.0,2500.0,2900.0,2500.0,2500.0,2500.0,2500.0,2300.0,2500.0,2300.0,2565.0,2800.0,2800.0,2800.0,2550.0,2675.0,2800.0,2800.0,2550.0,2600.0,2800.0,2750.0,2595.0,2600.0,2550.0,2550.0,2400.0,2700.0
Kingsbridge,Bronx,neighborhood,1175.0,1193.0,1300.0,1300.0,1300.0,1300.0,900.0,1400.0,1400.0,1250.0,1250.0,1250.0,1750.0,1750.0,2500.0,1500.0,1850.0,1500.0,1500.0,1295.0,1200.0,1000.0,1295.0,1100.0,1100.0,2165.0,2165.0,2200.0,2350.0,1800.0,1725.0,1750.0,1750.0,1700.0,1400.0,1350.0,1350.0,1300.0,1295.0,1250.0,1150.0,1150.0,1295.0,1650.0,1650.0,1800.0,1500.0,1499.0,1500.0,1200.0,1395.0,1500.0,1600.0,1750.0,1450.0,1400.0,1350.0,1350.0,1400.0,1500.0,1500.0,1500.0,1500.0,1450.0,1500.0,1500.0,1500.0,1600.0,1600.0,1475.0,1550.0,1550.0,1500.0,1600.0,1650.0,1650.0,1695.0,1700.0,1800.0,2017.0,1850.0,1900.0,2017.0,2017.0,1925.0,1650.0,1800.0,1698.0,1995.0,1650.0,1600.0,1675.0,1650.0,1750.0,1750.0,1695.0,1575.0,1600.0,1700.0,1900.0,1895.0,1800.0,1775.0,1775.0,1800.0,1750.0,1750.0,1695.0,1695.0,1850.0,1900.0,1900.0,1950.0,1799.0,1720.0,1799.0,1900.0,1800.0,1700.0,1825.0,1825.0,1775.0,1850.0,1850.0,1725.0,1750.0,1750.0,1750.0,1750.0,1700.0,1900.0,1775.0,1800.0,1798.0,1775.0,1798.0,1800.0,1800.0,1800.0,1950.0,1850.0,1750.0,1675.0,1777.0,1650.0,1750.0,1950.0,1850.0,1900.0,2100.0,1995.0,1875.0,1776.0,1950.0,1895.0,1850.0,2150.0,2274.0,2095.0,2175.0,2095.0,2175.0,2395.0,2399.0,2399.0,2400.0,2350.0,2075.0,1998.0,2150.0,2000.0,2400.0,2400.0,2750.0,2600.0,2524.0,2695.0,2400.0,2500.0,2200.0,2400.0,2400.0,2500.0,2584.0,2600.0,2750.0,3000.0,3095.0,2700.0,2500.0,2650.0,2699.0,2700.0,2700.0,2595.0,3000.0,2775.0,2595.0
Laconia,Bronx,neighborhood,,,,,,1100.0,1100.0,1700.0,,,,,,,,,,,,2300.0,2300.0,2300.0,2300.0,2300.0,1000.0,1000.0,,1050.0,1100.0,1100.0,1100.0,,,,,,,,,,1500.0,1500.0,,,1100.0,,,,,1200.0,1750.0,1750.0,1750.0,,,,,,,2300.0,,,,,,1600.0,1600.0,1600.0,1550.0,1600.0,,1800.0,1800.0,,,,,,,,1250.0,1250.0,,1600.0,2100.0,2100.0,2500.0,2400.0,2400.0,2400.0,,,,,,,2600.0,,,,,1450.0,1700.0,1550.0,1450.0,,,1500.0,1500.0,1500.0,1850.0,2550.0,2550.0,2300.0,2100.0,1595.0,2600.0,2600.0,2550.0,2650.0,2650.0,2400.0,2400.0,2400.0,2400.0,2400.0,2600.0,,1750.0,1750.0,1800.0,,,,2100.0,,2199.0,1950.0,1950.0,,2695.0,2499.0,2300.0,,2850.0,2200.0,2200.0,2200.0,2400.0,,1700.0,1499.0,2400.0,2300.0,,1850.0,2170.0,2170.0,2750.0,2750.0,2295.0,2500.0,2500.0,2600.0,3000.0,2600.0,2900.0,2950.0,2950.0,3200.0,3200.0,1700.0,3200.0,3200.0,2950.0,2950.0,4263.0,,,,,2150.0,3000.0,3500.0,3449.0,3500.0,,,3650.0,3650.0,,,1400.0,1400.0,,2997.0,3753.0,4000.0
Laurelton,Queens,neighborhood,,,,,,,,,,,,,,,,,,,,,,,,,,,,,,,,,,,,,,,,,,,,1600.0,,,,,,,,,,,,1400.0,1850.0,1850.0,1850.0,,,,,,,,,1600.0,2300.0,2300.0,2300.0,,,1300.0,1200.0,1200.0,,,1600.0,1175.0,2700.0,2700.0,2700.0,,,,,1850.0,2100.0,2200.0,2100.0,1650.0,,,,1450.0,1750.0,1975.0,2100.0,3095.0,2500.0,2500.0,2400.0,1350.0,1250.0,1499.0,1450.0,1295.0,1500.0,1500.0,1495.0,1500.0,1695.0,1695.0,1895.0,1699.0,1650.0,1300.0,1425.0,1425.0,1675.0,2200.0,2500.0,2500.0,1200.0,1450.0,1300.0,1300.0,1300.0,,,2400.0,1300.0,1900.0,2900.0,2900.0,1500.0,,,1600.0,3000.0,1300.0,1700.0,2400.0,2400.0,1700.0,,2500.0,,3103.0,3103.0,3400.0,1700.0,2300.0,2299.0,2199.0,3650.0,3200.0,1450.0,1350.0,1650.0,,3000.0,3000.0,2746.0,2500.0,2356.0,2356.0,3000.0,,2300.0,2300.0,3100.0,3100.0,3500.0,3400.0,,2400.0,2200.0,2200.0,1800.0,1600.0,2300.0,2300.0,3175.0,3175.0,2500.0,3000.0,3000.0,2700.0,4500.0,2600.0,2600.0,1800.0,1600.0,2995.0,2895.0,2550.0
Little Italy,Manhattan,neighborhood,3295.0,3000.0,3000.0,3000.0,2895.0,2600.0,3700.0,3795.0,5200.0,4750.0,4750.0,4700.0,4750.0,4500.0,4750.0,3800.0,3500.0,2850.0,4095.0,4395.0,4900.0,4250.0,2950.0,3800.0,4250.0,4200.0,3600.0,3400.0,2850.0,2500.0,2400.0,2500.0,2800.0,2500.0,3800.0,4950.0,4250.0,4250.0,3495.0,4850.0,3850.0,3300.0,4000.0,4100.0,4200.0,4850.0,4500.0,3200.0,3250.0,3850.0,3850.0,3050.0,2795.0,3200.0,3400.0,4195.0,2700.0,2700.0,2500.0,2575.0,2599.0,2799.0,2800.0,2895.0,2999.0,2795.0,3095.0,3600.0,3695.0,3250.0,3600.0,3620.0,3099.0,3150.0,2800.0,2800.0,2949.0,3100.0,3500.0,3500.0,3300.0,3200.0,3200.0,3150.0,3000.0,3000.0,3000.0,3000.0,2800.0,2950.0,2900.0,3000.0,2999.0,2795.0,2745.0,2600.0,2550.0,2595.0,3000.0,3100.0,3199.0,2900.0,2990.0,2900.0,2700.0,3100.0,3150.0,3000.0,3300.0,3000.0,3000.0,3595.0,3400.0,3500.0,3200.0,3500.0,3500.0,3400.0,3384.0,3300.0,3200.0,3500.0,3595.0,3550.0,3300.0,3300.0,3050.0,2746.0,2895.0,2650.0,2600.0,2555.0,2350.0,2325.0,2400.0,2500.0,2500.0,2700.0,2727.0,2900.0,2875.0,2995.0,3250.0,3150.0,3150.0,3500.0,3990.0,4000.0,4000.0,4000.0,4000.0,3500.0,3800.0,4000.0,3995.0,3899.0,3800.0,3800.0,4495.0,4400.0,4100.0,4195.0,4000.0,4000.0,3995.0,4495.0,4130.0,3600.0,3495.0,3800.0,3800.0,3850.0,3650.0,4200.0,4000.0,3999.0,4000.0,3890.0,4000.0,4690.0,3999.0,3999.0,5250.0,4400.0,4650.0,4495.0,4350.0,4495.0,4000.0,3675.0,4200.0,4200.0,4589.0,4200.0,4850.0,5700.0,5500.0,5250.0
Little Neck,Queens,neighborhood,1800.0,1800.0,1800.0,,2495.0,2150.0,2150.0,2150.0,2150.0,2150.0,2150.0,2150.0,2150.0,2150.0,2150.0,,,,,,,,2800.0,2800.0,1800.0,1800.0,2400.0,1800.0,1800.0,2400.0,2400.0,2400.0,2400.0,2400.0,1800.0,2200.0,2200.0,2200.0,2200.0,2200.0,2200.0,2800.0,2800.0,1850.0,1600.0,,2000.0,2000.0,,,,,,2495.0,2395.0,3500.0,2500.0,2295.0,2295.0,2400.0,2400.0,2700.0,2250.0,2250.0,2200.0,2100.0,2100.0,2100.0,2100.0,3100.0,2200.0,2100.0,2100.0,2100.0,1900.0,1900.0,2100.0,1950.0,2850.0,2600.0,2600.0,2500.0,2100.0,2100.0,2450.0,2500.0,2500.0,2595.0,2500.0,2500.0,2500.0,2500.0,3500.0,3500.0,3500.0,2150.0,,,2600.0,2600.0,2600.0,1375.0,2500.0,2450.0,2300.0,2400.0,2300.0,2300.0,2250.0,2800.0,2300.0,2300.0,2750.0,2700.0,2699.0,2599.0,2499.0,2495.0,2500.0,2499.0,2400.0,2450.0,2275.0,2275.0,2500.0,,2300.0,2700.0,1800.0,1800.0,3200.0,,1695.0,2000.0,2000.0,,,1900.0,2400.0,1850.0,1800.0,2795.0,2795.0,2500.0,3200.0,1550.0,3399.0,4495.0,3900.0,2200.0,2300.0,1925.0,2500.0,2795.0,2795.0,2250.0,3300.0,2700.0,2500.0,2650.0,3695.0,3695.0,2700.0,2600.0,3200.0,3200.0,4500.0,2800.0,2850.0,3995.0,2995.0,3850.0,3695.0,4995.0,3995.0,2600.0,3995.0,2999.0,2999.0,3200.0,1800.0,1995.0,3150.0,2750.0,2750.0,4300.0,3795.0,2300.0,2550.0,3300.0,3500.0,3500.0,,4995.0,4995.0,3000.0,3000.0,3200.0
Long Island City,Queens,neighborhood,2345.0,2500.0,2500.0,2568.0,2700.0,2750.0,2655.0,2680.0,2760.0,2740.0,2700.0,2700.0,2630.0,2600.0,2750.0,2765.0,2850.0,2850.0,2975.0,2895.0,3000.0,2930.0,2900.0,2700.0,2700.0,2935.0,2910.0,2935.0,2870.0,2900.0,2900.0,2875.0,2900.0,2855.0,2800.0,2795.0,2800.0,2810.0,2825.0,2950.0,2995.0,2995.0,2955.0,2925.0,2845.0,2780.0,2950.0,3000.0,2950.0,2915.0,2798.0,2820.0,2800.0,2740.0,2681.0,2750.0,2850.0,2995.0,2995.0,3020.0,3050.0,3100.0,2950.0,2980.0,2995.0,3160.0,3150.0,3040.0,3040.0,2995.0,2995.0,3000.0,2950.0,3000.0,3100.0,3104.0,3180.0,3190.0,3200.0,3150.0,3133.0,3050.0,2975.0,2999.0,3030.0,3040.0,2995.0,3000.0,2979.0,3046.0,3100.0,3138.0,3129.0,2970.0,2850.0,2850.0,2835.0,2894.0,2933.0,2903.0,3030.0,3100.0,3138.0,3150.0,3245.0,3167.0,3124.0,3105.0,3051.0,3000.0,3062.0,3167.0,3250.0,3271.0,3300.0,3466.0,3367.0,3374.0,3295.0,3200.0,3200.0,3190.0,3248.0,3200.0,3150.0,3154.0,3024.0,2900.0,2835.0,2975.0,3000.0,2980.0,2950.0,2927.0,2900.0,2950.0,3000.0,3190.0,3248.0,3400.0,3486.0,3530.0,3600.0,3650.0,3594.0,3650.0,3733.0,4000.0,4162.0,4074.0,4054.0,4050.0,4000.0,3900.0,3931.0,3871.0,3850.0,3991.0,4000.0,4065.0,4259.0,3975.0,4100.0,4249.0,4277.0,4250.0,4008.0,4050.0,4000.0,3942.0,4046.0,4055.0,4135.0,4134.0,4313.0,4384.0,4395.0,4300.0,4320.0,4500.0,4275.0,4283.0,4345.0,4403.0,4435.0,4497.0,4500.0,4550.0,4555.0,4475.0,4338.0,4358.0,4395.0,4379.0,4500.0,4500.0,4550.0,4500.0
Longwood,Bronx,neighborhood,,,,,,,1323.0,1323.0,,,,,,,,,,,,1150.0,1150.0,950.0,925.0,925.0,925.0,1000.0,1000.0,950.0,950.0,950.0,950.0,950.0,,,,,,,,930.0,930.0,,,,,,,1500.0,1300.0,1300.0,1175.0,1700.0,1700.0,1400.0,1400.0,1600.0,1600.0,1600.0,,,1650.0,1650.0,1650.0,1650.0,1123.0,931.0,931.0,2500.0,2500.0,1595.0,1595.0,1595.0,2500.0,2500.0,2500.0,2500.0,2995.0,1597.0,1595.0,1595.0,1900.0,1095.0,1725.0,1725.0,1999.0,1800.0,1800.0,1575.0,1550.0,1550.0,1775.0,2200.0,1690.0,1690.0,2500.0,2300.0,2300.0,2500.0,1950.0,,1315.0,1875.0,1650.0,1591.0,1950.0,2075.0,2100.0,2025.0,2025.0,2030.0,2175.0,1950.0,2050.0,1999.0,1900.0,1895.0,2181.0,1899.0,1999.0,2300.0,2275.0,2275.0,2050.0,1900.0,1900.0,1750.0,2200.0,2175.0,2049.0,2000.0,1800.0,1800.0,2000.0,2000.0,1995.0,1950.0,1950.0,2195.0,2100.0,1950.0,1950.0,2095.0,1875.0,2000.0,2100.0,2200.0,2200.0,2000.0,2095.0,2195.0,2600.0,2375.0,2199.0,2575.0,2950.0,2950.0,1620.0,2400.0,2000.0,2500.0,2295.0,2495.0,1990.0,1950.0,2899.0,2395.0,2200.0,2495.0,2395.0,2395.0,2400.0,1850.0,2650.0,1797.0,3606.0,2200.0,3500.0,2500.0,1886.0,2500.0,2100.0,2100.0,1595.0,1595.0,1595.0,2500.0,2500.0,2300.0,1740.0,1665.0,,1829.0,1829.0,1665.0,1940.0,1940.0,1940.0,2750.0
Lower East Side,Manhattan,neighborhood,2295.0,2295.0,2300.0,2250.0,2495.0,2495.0,2500.0,2595.0,2600.0,2600.0,2600.0,2700.0,2650.0,2700.0,2500.0,2406.0,2400.0,2400.0,2495.0,2595.0,2695.0,2595.0,2595.0,2295.0,2300.0,2650.0,2900.0,3000.0,2800.0,2750.0,2650.0,2650.0,2800.0,2800.0,2950.0,3000.0,2950.0,3000.0,2975.0,2900.0,2825.0,2950.0,2800.0,2750.0,2950.0,2850.0,2800.0,2895.0,2895.0,2700.0,2800.0,2795.0,2800.0,2995.0,2995.0,3100.0,3100.0,2995.0,3000.0,2995.0,3000.0,3000.0,2850.0,2820.0,2895.0,3100.0,3150.0,3200.0,3300.0,3095.0,3000.0,3000.0,3000.0,3000.0,3000.0,3200.0,3300.0,3400.0,3391.0,3395.0,3300.0,3150.0,3100.0,2950.0,2900.0,3100.0,3045.0,3050.0,3200.0,3162.0,3200.0,3208.0,3100.0,3000.0,2995.0,2995.0,2995.0,2950.0,3075.0,3208.0,3250.0,3195.0,3250.0,3350.0,3349.0,3345.0,3300.0,3225.0,3235.0,3231.0,3250.0,3400.0,3600.0,3600.0,3450.0,3495.0,3510.0,3600.0,3650.0,3700.0,3800.0,3995.0,4000.0,3850.0,3500.0,3200.0,3100.0,2995.0,2812.0,2800.0,2750.0,2665.0,2700.0,2665.0,2700.0,2800.0,2932.0,3000.0,3219.0,3385.0,3500.0,3495.0,3500.0,3600.0,3895.0,4000.0,4144.0,4144.0,4295.0,4195.0,4295.0,4255.0,4395.0,4200.0,3995.0,4000.0,4250.0,4395.0,4200.0,4250.0,4200.0,4495.0,4400.0,4275.0,4455.0,4200.0,4125.0,4000.0,4000.0,4100.0,4200.0,4400.0,4450.0,4400.0,4595.0,4495.0,4395.0,4195.0,4246.0,4200.0,4400.0,4350.0,4475.0,4700.0,4700.0,4750.0,4800.0,4895.0,4700.0,4795.0,4585.0,4695.0,4695.0,4895.0,4875.0,5300.0,5250.0,5100.0
Manhattan,Manhattan,borough,2800.0,2792.0,2700.0,2800.0,2800.0,2841.0,2890.0,2900.0,3000.0,3000.0,3000.0,2950.0,2950.0,2995.0,2950.0,3000.0,3000.0,3100.0,3100.0,3200.0,3300.0,3300.0,3295.0,3250.0,3200.0,3150.0,3190.0,3200.0,3200.0,3200.0,3200.0,3250.0,3350.0,3300.0,3300.0,3300.0,3216.0,3250.0,3250.0,3200.0,3200.0,3200.0,3200.0,3300.0,3320.0,3300.0,3300.0,3295.0,3200.0,3200.0,3250.0,3300.0,3300.0,3295.0,3200.0,3225.0,3250.0,3275.0,3250.0,3255.0,3250.0,3295.0,3300.0,3300.0,3400.0,3400.0,3400.0,3450.0,3500.0,3425.0,3350.0,3350.0,3304.0,3350.0,3395.0,3400.0,3450.0,3404.0,3400.0,3350.0,3400.0,3360.0,3300.0,3250.0,3235.0,3255.0,3250.0,3300.0,3323.0,3300.0,3300.0,3350.0,3350.0,3300.0,3231.0,3250.0,3245.0,3214.0,3200.0,3250.0,3300.0,3330.0,3343.0,3350.0,3320.0,3300.0,3295.0,3300.0,3295.0,3300.0,3301.0,3400.0,3495.0,3500.0,3500.0,3500.0,3525.0,3550.0,3556.0,3552.0,3577.0,3600.0,3610.0,3595.0,3479.0,3361.0,3200.0,3008.0,2950.0,2875.0,2799.0,2775.0,2750.0,2750.0,2750.0,2800.0,2850.0,2900.0,3000.0,3100.0,3200.0,3300.0,3475.0,3524.0,3700.0,3800.0,3883.0,4000.0,4095.0,4100.0,4200.0,4200.0,4250.0,4200.0,4150.0,4160.0,4200.0,4300.0,4250.0,4390.0,4395.0,4395.0,4375.0,4300.0,4340.0,4200.0,4150.0,4150.0,4200.0,4267.0,4300.0,4400.0,4475.0,4400.0,4400.0,4395.0,4300.0,4295.0,4200.0,4300.0,4350.0,4399.0,4425.0,4500.0,4595.0,4725.0,4750.0,4750.0,4625.0,4600.0,4510.0,4550.0,4596.0,4700.0,4750.0,4876.0,4926.0,4965.0
Manhattan Beach,Brooklyn,neighborhood,,,,,12000.0,12000.0,9000.0,9000.0,9000.0,,,,,,,,,,,,,,,600.0,2400.0,600.0,5000.0,5000.0,5000.0,,10000.0,8000.0,8000.0,8000.0,8000.0,8000.0,8000.0,,,4200.0,4200.0,2000.0,2000.0,2000.0,,2100.0,2100.0,,,,,,,4000.0,,1700.0,1500.0,1650.0,15000.0,5000.0,1500.0,15000.0,3600.0,3600.0,3600.0,1650.0,1995.0,2290.0,2500.0,2500.0,2500.0,2900.0,4100.0,3300.0,3300.0,3150.0,4100.0,4500.0,4555.0,3150.0,3150.0,4000.0,4100.0,4100.0,2650.0,2500.0,2200.0,2150.0,2550.0,2900.0,3700.0,7000.0,4500.0,4500.0,4500.0,,3499.0,3299.0,1650.0,2600.0,1700.0,2499.0,,2600.0,1450.0,,2599.0,2599.0,2600.0,2600.0,7000.0,2300.0,2300.0,2100.0,2100.0,2100.0,3300.0,2450.0,3000.0,2950.0,,,,,,1950.0,1750.0,1750.0,1800.0,1800.0,2100.0,2100.0,2100.0,2100.0,1700.0,1700.0,2000.0,1700.0,1700.0,1700.0,2700.0,1500.0,2700.0,4750.0,3750.0,4250.0,4250.0,4250.0,4250.0,2150.0,2150.0,,,,2800.0,2800.0,,3950.0,1850.0,1850.0,,,,2300.0,2300.0,4200.0,4200.0,4200.0,,,,,,11000.0,2200.0,3600.0,3200.0,3200.0,4500.0,,,2150.0,2150.0,2150.0,2100.0,,2150.0,11500.0,2500.0,2500.0,2800.0,5400.0,5200.0,5500.0,5500.0,,2200.0,4250.0
Marble Hill,Manhattan,neighborhood,,,,1600.0,1600.0,,,,,,,,,,,,,,,,,,,,,1425.0,1425.0,1425.0,,,,,2150.0,2100.0,1995.0,1995.0,1200.0,1200.0,1200.0,1200.0,1200.0,1200.0,1650.0,1650.0,1300.0,1875.0,1250.0,1250.0,1150.0,1100.0,2100.0,1695.0,1100.0,1200.0,1400.0,1700.0,1699.0,1250.0,1250.0,1295.0,1395.0,1650.0,1600.0,1700.0,1699.0,1699.0,1375.0,1275.0,1375.0,1150.0,1250.0,1150.0,1050.0,1375.0,1400.0,1950.0,1950.0,1950.0,1660.0,1750.0,1875.0,1850.0,1800.0,1800.0,1770.0,1770.0,1720.0,1720.0,1750.0,2250.0,2200.0,2235.0,2150.0,2100.0,2100.0,1825.0,1845.0,2310.0,2310.0,2310.0,2330.0,2200.0,2260.0,2210.0,1925.0,1975.0,2100.0,2425.0,2425.0,2050.0,2095.0,2300.0,2075.0,1935.0,1975.0,2150.0,2075.0,2200.0,2395.0,2395.0,2395.0,2195.0,2150.0,2370.0,1800.0,1800.0,1775.0,1775.0,1675.0,1650.0,1620.0,1620.0,1675.0,2300.0,1650.0,1850.0,1895.0,1875.0,1850.0,1803.0,1925.0,1925.0,1925.0,1925.0,1950.0,1950.0,1980.0,1950.0,1950.0,1950.0,2150.0,2295.0,2275.0,2295.0,2150.0,2395.0,2395.0,2300.0,2295.0,2150.0,2295.0,2295.0,1995.0,2300.0,2100.0,2100.0,1950.0,2295.0,2800.0,2400.0,2500.0,2850.0,2900.0,2885.0,3075.0,2600.0,2600.0,2986.0,2986.0,2400.0,2500.0,2400.0,2650.0,2650.0,2505.0,2584.0,3325.0,3225.0,3150.0,3150.0,3200.0,3350.0,3300.0,3300.0,3295.0,3310.0,3275.0,3275.0
Marine Park,Brooklyn,neighborhood,,,,,,,1100.0,1100.0,,1100.0,,,,1300.0,1300.0,1300.0,1300.0,1300.0,1100.0,1400.0,1300.0,1300.0,1300.0,1300.0,1500.0,1500.0,1500.0,,,,,,1600.0,1600.0,1600.0,1200.0,1200.0,1200.0,1200.0,1200.0,1300.0,1300.0,,,1400.0,2500.0,3000.0,2500.0,2500.0,2500.0,2500.0,1475.0,1475.0,3200.0,3200.0,3200.0,2400.0,2200.0,2000.0,2000.0,2200.0,1900.0,1900.0,2400.0,1900.0,1650.0,1650.0,1700.0,1850.0,1850.0,1750.0,2200.0,2300.0,2200.0,2200.0,2200.0,2000.0,1800.0,1846.0,1735.0,2200.0,2700.0,1700.0,1900.0,1900.0,1900.0,1800.0,1700.0,1750.0,1750.0,1799.0,2000.0,1599.0,2350.0,1800.0,2250.0,2300.0,2300.0,1895.0,1800.0,2200.0,2199.0,2149.0,1699.0,2100.0,2100.0,2700.0,2499.0,1675.0,2000.0,2150.0,1835.0,2200.0,2200.0,1775.0,1799.0,2200.0,2200.0,1945.0,1945.0,1799.0,1799.0,1849.0,1849.0,1849.0,2175.0,2175.0,2225.0,2200.0,2075.0,2075.0,2075.0,2100.0,2200.0,2100.0,2000.0,1900.0,2000.0,2000.0,1850.0,2000.0,1850.0,1650.0,2500.0,1850.0,1685.0,2500.0,2999.0,2900.0,2975.0,2850.0,2400.0,2299.0,2399.0,2799.0,2599.0,2199.0,2550.0,2200.0,2200.0,2500.0,2500.0,3000.0,2999.0,3300.0,2700.0,2700.0,2800.0,2500.0,2499.0,2499.0,3000.0,2600.0,2600.0,2650.0,2850.0,2850.0,3050.0,2795.0,1500.0,2900.0,2650.0,2800.0,3200.0,2800.0,2550.0,2499.0,3400.0,3400.0,2950.0,2900.0,3200.0,2900.0,3400.0,2100.0,2300.0,2300.0,1700.0
Maspeth,Queens,neighborhood,,,1450.0,1450.0,1500.0,,,1375.0,1400.0,1400.0,1350.0,1400.0,1400.0,1400.0,1075.0,1400.0,1400.0,,,,2100.0,1900.0,1800.0,1800.0,1800.0,1600.0,800.0,1500.0,1750.0,1650.0,1700.0,1650.0,1650.0,1750.0,1600.0,1800.0,1500.0,1875.0,1875.0,2000.0,2000.0,1600.0,1800.0,1350.0,1350.0,1400.0,1700.0,1600.0,1600.0,1600.0,1700.0,1900.0,1800.0,2000.0,1650.0,1450.0,1900.0,1600.0,1600.0,1800.0,2600.0,2400.0,2400.0,2000.0,2000.0,2000.0,2000.0,2000.0,1900.0,1900.0,1900.0,1925.0,1850.0,1850.0,1800.0,2000.0,2000.0,2100.0,2150.0,2150.0,2100.0,2000.0,2100.0,2100.0,2000.0,2000.0,2150.0,2150.0,2150.0,2150.0,2199.0,2200.0,2200.0,2150.0,2000.0,2000.0,2100.0,2000.0,2200.0,2150.0,2000.0,2150.0,2000.0,2150.0,2095.0,2099.0,2100.0,2050.0,2100.0,2200.0,2200.0,2099.0,2090.0,2200.0,2200.0,2098.0,2100.0,2100.0,2100.0,2000.0,1950.0,2100.0,2199.0,2100.0,2250.0,2250.0,2100.0,2100.0,1999.0,1910.0,1925.0,1900.0,1899.0,2000.0,2100.0,2100.0,2200.0,2075.0,2170.0,2170.0,1999.0,2150.0,2199.0,2150.0,2199.0,2399.0,2300.0,2200.0,2300.0,2399.0,2400.0,2595.0,2500.0,2500.0,2500.0,2399.0,2400.0,2500.0,2600.0,2450.0,2500.0,2550.0,2538.0,2700.0,2500.0,2500.0,2625.0,2599.0,2550.0,2550.0,2600.0,2600.0,2500.0,2600.0,2695.0,2750.0,2500.0,2700.0,2600.0,2575.0,2500.0,2599.0,2750.0,2795.0,2700.0,2700.0,2850.0,2800.0,2850.0,2850.0,2850.0,2500.0,2500.0,2500.0,2799.0,2600.0,2800.0,2995.0
Melrose,Bronx,neighborhood,,,,,,1323.0,1323.0,2200.0,1800.0,1800.0,,,,,,,,,,1400.0,1237.0,1243.0,1243.0,1150.0,1100.0,1050.0,1050.0,1050.0,1300.0,1200.0,1200.0,,,,,,,,,,,,,,2000.0,2000.0,1350.0,1350.0,1350.0,1350.0,3800.0,3800.0,1450.0,1450.0,1095.0,2400.0,1550.0,1550.0,917.0,2150.0,2300.0,854.0,1292.0,1350.0,1292.0,1292.0,1292.0,1292.0,1400.0,1695.0,1695.0,1695.0,1695.0,1550.0,1450.0,1075.0,1075.0,1400.0,1400.0,1550.0,1600.0,1600.0,1750.0,1100.0,1875.0,1650.0,1645.0,1600.0,1900.0,2000.0,2060.0,1875.0,1850.0,1879.0,1800.0,1645.0,1866.0,2000.0,1835.0,1750.0,1866.0,1650.0,1833.0,1833.0,1700.0,1650.0,1650.0,1775.0,1840.0,1840.0,1900.0,1750.0,1838.0,1975.0,2017.0,2016.0,2016.0,1875.0,1920.0,1920.0,1795.0,2200.0,2200.0,1800.0,1800.0,2200.0,2200.0,1377.0,2108.0,2035.0,2135.0,1795.0,1750.0,1700.0,1500.0,1700.0,1795.0,1795.0,1850.0,1999.0,1999.0,2000.0,2195.0,1995.0,1995.0,1999.0,1895.0,1800.0,1800.0,2000.0,2150.0,2000.0,1925.0,2100.0,2350.0,1795.0,2295.0,2200.0,2200.0,2200.0,3100.0,3100.0,2750.0,2375.0,2375.0,2295.0,2200.0,2200.0,2200.0,2300.0,2035.0,2100.0,2300.0,2150.0,2150.0,2200.0,2800.0,2325.0,2500.0,2655.0,1800.0,2000.0,2150.0,2650.0,2696.0,2350.0,2200.0,2395.0,2250.0,2250.0,2495.0,2350.0,2600.0,1625.0,1600.0,2400.0,1936.0,2250.0
Middle Village,Queens,neighborhood,850.0,850.0,850.0,850.0,,,,,,,,,,,1950.0,1950.0,,,,,1550.0,,,,,,1100.0,,1500.0,1500.0,2000.0,1500.0,,,,1300.0,1300.0,,,,,1050.0,1050.0,1900.0,1275.0,1275.0,1550.0,1350.0,1350.0,2000.0,1500.0,1575.0,1595.0,1750.0,1775.0,1775.0,1775.0,1775.0,1800.0,1750.0,1750.0,1650.0,1950.0,1950.0,2000.0,2150.0,2000.0,2100.0,2000.0,2000.0,1925.0,2150.0,1880.0,1800.0,1925.0,1800.0,1999.0,1999.0,2000.0,2000.0,2000.0,2000.0,2000.0,2000.0,2200.0,2100.0,2200.0,1900.0,1900.0,2000.0,1995.0,1950.0,2000.0,2000.0,1900.0,1650.0,2000.0,2200.0,2000.0,2100.0,2075.0,2095.0,2000.0,2100.0,2200.0,2100.0,2100.0,2000.0,2100.0,2000.0,2199.0,2200.0,2200.0,1999.0,2200.0,1999.0,2300.0,2450.0,2450.0,2100.0,2200.0,2300.0,2298.0,2100.0,2298.0,2400.0,2299.0,2225.0,2200.0,2100.0,2199.0,1950.0,2200.0,2000.0,2000.0,2200.0,2100.0,2100.0,2000.0,2150.0,2199.0,2100.0,2200.0,2300.0,2300.0,2099.0,2100.0,2599.0,2400.0,2500.0,2500.0,2500.0,2500.0,2600.0,2400.0,2400.0,2600.0,2600.0,2600.0,2500.0,2500.0,2500.0,2500.0,2500.0,2400.0,2499.0,2499.0,2500.0,2600.0,2600.0,2800.0,2400.0,2650.0,2600.0,2500.0,2650.0,2700.0,2599.0,2600.0,2850.0,2550.0,2800.0,2600.0,2500.0,2400.0,2250.0,2100.0,2200.0,3250.0,3000.0,2150.0,2500.0,2300.0,2750.0,2850.0,2800.0,2990.0,2900.0
Midtown,Manhattan,neighborhood,3700.0,3795.0,3800.0,4000.0,3900.0,3900.0,3900.0,3850.0,3900.0,3895.0,3995.0,3995.0,4000.0,4000.0,3900.0,3950.0,3995.0,4000.0,4250.0,4495.0,4195.0,4295.0,4300.0,4000.0,4100.0,4200.0,4195.0,4200.0,4425.0,4250.0,4200.0,4200.0,4200.0,4095.0,4000.0,4100.0,3950.0,4095.0,4000.0,3995.0,3975.0,4000.0,3995.0,4000.0,4100.0,4100.0,4000.0,3800.0,3872.0,3800.0,3900.0,3900.0,3899.0,3900.0,3900.0,3900.0,3995.0,4000.0,4200.0,4195.0,4300.0,4082.0,4071.0,4045.0,4325.0,4300.0,4300.0,4100.0,4200.0,4125.0,4000.0,4095.0,4250.0,4400.0,4250.0,4000.0,4400.0,4321.0,4200.0,4100.0,4100.0,3995.0,3900.0,3950.0,3995.0,3995.0,3995.0,4060.0,4450.0,4295.0,4295.0,3843.0,4095.0,4000.0,3999.0,4000.0,3999.0,4000.0,3990.0,3877.0,3872.0,3900.0,3950.0,3925.0,3950.0,4000.0,4200.0,3895.0,3950.0,3969.0,4000.0,4050.0,4200.0,4225.0,4200.0,4050.0,4200.0,4495.0,4500.0,4625.0,4295.0,4300.0,4291.0,4125.0,3876.0,3713.0,3667.0,3800.0,3758.0,3650.0,3497.0,3500.0,3400.0,3500.0,3500.0,3495.0,3700.0,3865.0,4000.0,4200.0,4525.0,4700.0,4583.0,4750.0,4990.0,4995.0,4995.0,5000.0,5350.0,4740.0,5000.0,4995.0,4995.0,5000.0,5300.0,5000.0,5295.0,5000.0,4950.0,5200.0,5495.0,5200.0,5200.0,5200.0,5180.0,5079.0,5000.0,4975.0,5350.0,5595.0,5395.0,5250.0,5000.0,4800.0,5100.0,5100.0,5000.0,4895.0,4800.0,4900.0,4950.0,4950.0,4990.0,5250.0,5600.0,5600.0,5305.0,5500.0,5400.0,5200.0,5241.0,5080.0,5260.0,5415.0,6000.0,5965.0,5900.0,5765.0
Midtown East,Manhattan,neighborhood,2660.0,2650.0,2650.0,2695.0,2700.0,2750.0,2800.0,2800.0,2850.0,2895.0,2955.0,2900.0,2900.0,3000.0,2975.0,3000.0,3050.0,3200.0,3200.0,3200.0,3200.0,3250.0,3250.0,3185.0,3050.0,3035.0,3095.0,3150.0,3170.0,3125.0,3125.0,3200.0,3200.0,3195.0,3195.0,3177.0,3195.0,3200.0,3195.0,3195.0,3200.0,3200.0,3200.0,3245.0,3250.0,3200.0,3200.0,3250.0,3195.0,3200.0,3225.0,3250.0,3250.0,3295.0,3250.0,3250.0,3250.0,3290.0,3300.0,3295.0,3300.0,3295.0,3350.0,3400.0,3495.0,3495.0,3495.0,3450.0,3500.0,3400.0,3400.0,3377.0,3300.0,3395.0,3350.0,3400.0,3400.0,3400.0,3400.0,3400.0,3450.0,3400.0,3315.0,3307.0,3295.0,3300.0,3305.0,3395.0,3400.0,3400.0,3400.0,3395.0,3395.0,3395.0,3200.0,3200.0,3250.0,3295.0,3295.0,3350.0,3400.0,3450.0,3495.0,3450.0,3400.0,3438.0,3443.0,3485.0,3395.0,3400.0,3400.0,3450.0,3500.0,3595.0,3600.0,3625.0,3600.0,3600.0,3650.0,3600.0,3600.0,3615.0,3600.0,3554.0,3450.0,3345.0,3190.0,2996.0,2912.0,2850.0,2725.0,2700.0,2700.0,2750.0,2800.0,2895.0,3000.0,3062.0,3305.0,3495.0,3695.0,3745.0,4000.0,3995.0,4200.0,4295.0,4295.0,4254.0,4200.0,4250.0,4350.0,4210.0,4295.0,4251.0,4100.0,4141.0,4200.0,4295.0,4313.0,4495.0,4500.0,4500.0,4495.0,4495.0,4500.0,4355.0,4250.0,4200.0,4300.0,4350.0,4300.0,4399.0,4500.0,4500.0,4495.0,4500.0,4437.0,4400.0,4368.0,4400.0,4495.0,4500.0,4495.0,4550.0,4675.0,4895.0,4895.0,4850.0,4700.0,4650.0,4550.0,4550.0,4607.0,4885.0,4900.0,4995.0,5040.0,5095.0
Midtown South,Manhattan,neighborhood,3195.0,3195.0,3200.0,3330.0,3400.0,3400.0,3400.0,3390.0,3400.0,3240.0,3400.0,3400.0,3450.0,3300.0,3300.0,3300.0,3350.0,3400.0,3495.0,3500.0,3300.0,3250.0,3475.0,3285.0,3500.0,3200.0,3200.0,3375.0,4000.0,3900.0,3820.0,3725.0,3750.0,3700.0,3600.0,3495.0,3450.0,3450.0,3500.0,3450.0,3640.0,3500.0,3600.0,3550.0,3550.0,3500.0,3500.0,3430.0,3295.0,3400.0,3250.0,3400.0,3600.0,3600.0,3450.0,3525.0,3550.0,3500.0,3550.0,3600.0,3600.0,3500.0,3503.0,3500.0,3600.0,3600.0,3600.0,3900.0,3950.0,3795.0,3800.0,3895.0,3800.0,3850.0,3700.0,3738.0,3875.0,3870.0,3930.0,3800.0,3995.0,3950.0,3820.0,3750.0,3500.0,3700.0,3877.0,3900.0,3785.0,3700.0,3831.0,3969.0,3900.0,3900.0,3688.0,3646.0,3595.0,3631.0,3595.0,3615.0,3695.0,3995.0,3900.0,4045.0,3995.0,3950.0,3830.0,3795.0,3841.0,3950.0,3997.0,3923.0,4050.0,4107.0,4195.0,4125.0,4180.0,4033.0,4033.0,4195.0,4033.0,4250.0,4250.0,4050.0,3857.0,3772.0,3500.0,3300.0,3229.0,3338.0,3100.0,3117.0,3100.0,3200.0,3257.0,3400.0,3600.0,4000.0,4050.0,4482.0,4595.0,4600.0,4595.0,4895.0,5000.0,4700.0,4695.0,4900.0,4999.0,5000.0,5000.0,4995.0,4850.0,4749.0,4636.0,4875.0,4895.0,4998.0,4895.0,4995.0,4900.0,5035.0,4799.0,4800.0,4895.0,4750.0,4580.0,4580.0,4945.0,5000.0,5000.0,5000.0,4995.0,4995.0,4995.0,5000.0,4900.0,4950.0,4800.0,4995.0,4830.0,4913.0,4875.0,5175.0,5095.0,5195.0,5200.0,5200.0,5200.0,5170.0,5018.0,5195.0,5000.0,5100.0,5100.0,5250.0,5375.0,5450.0
Midtown West,Manhattan,neighborhood,2650.0,2690.0,2650.0,2650.0,2790.0,2800.0,3000.0,2895.0,2950.0,3000.0,3000.0,2925.0,2900.0,2950.0,3000.0,3065.0,3150.0,3100.0,3200.0,3200.0,3250.0,3211.0,3200.0,3250.0,3200.0,3107.0,3215.0,3260.0,3200.0,3200.0,3250.0,3350.0,3390.0,3390.0,3450.0,3450.0,3395.0,3400.0,3365.0,3350.0,3300.0,3350.0,3350.0,3350.0,3360.0,3400.0,3350.0,3350.0,3300.0,3300.0,3400.0,3350.0,3450.0,3475.0,3450.0,3390.0,3380.0,3450.0,3490.0,3490.0,3495.0,3500.0,3500.0,3500.0,3555.0,3575.0,3500.0,3500.0,3525.0,3490.0,3410.0,3342.0,3300.0,3350.0,3395.0,3454.0,3454.0,3450.0,3433.0,3475.0,3495.0,3489.0,3400.0,3346.0,3300.0,3323.0,3215.0,3346.0,3425.0,3471.0,3495.0,3500.0,3500.0,3490.0,3350.0,3365.0,3300.0,3290.0,3300.0,3400.0,3452.0,3500.0,3495.0,3499.0,3590.0,3531.0,3479.0,3500.0,3450.0,3508.0,3495.0,3500.0,3591.0,3600.0,3654.0,3750.0,3700.0,3649.0,3646.0,3668.0,3685.0,3700.0,3765.0,3686.0,3395.0,3331.0,3160.0,2988.0,2890.0,2900.0,2850.0,2800.0,2900.0,2880.0,2900.0,2985.0,3000.0,3150.0,3431.0,3500.0,3700.0,3895.0,3950.0,4000.0,4195.0,4200.0,4180.0,4295.0,4495.0,4337.0,4375.0,4250.0,4300.0,4270.0,4200.0,4261.0,4285.0,4295.0,4300.0,4400.0,4420.0,4400.0,4390.0,4360.0,4200.0,4165.0,4035.0,4090.0,4250.0,4300.0,4350.0,4390.0,4500.0,4500.0,4500.0,4490.0,4445.0,4350.0,4250.0,4350.0,4460.0,4500.0,4546.0,4630.0,4646.0,4750.0,4795.0,4690.0,4650.0,4532.0,4495.0,4550.0,4600.0,4630.0,4700.0,4800.0,4842.0,4930.0
Midwood,Brooklyn,neighborhood,1800.0,1850.0,1800.0,1800.0,1950.0,1800.0,1800.0,1750.0,1050.0,1500.0,1750.0,1500.0,1395.0,1425.0,1395.0,1500.0,1500.0,1500.0,1500.0,1500.0,1495.0,1550.0,1500.0,1475.0,1350.0,1300.0,1300.0,1400.0,1500.0,1400.0,1400.0,1375.0,1375.0,1325.0,1400.0,1375.0,1350.0,1350.0,1300.0,1500.0,1550.0,1600.0,1400.0,1400.0,1350.0,1400.0,1400.0,1350.0,1375.0,1375.0,1550.0,1600.0,1600.0,1600.0,1625.0,1625.0,1550.0,1550.0,1450.0,1450.0,1500.0,1550.0,1570.0,1550.0,1595.0,1695.0,1650.0,1799.0,1775.0,1750.0,1725.0,1700.0,1650.0,1750.0,1849.0,1850.0,1850.0,1950.0,1900.0,1825.0,1800.0,1775.0,1800.0,1825.0,1800.0,1850.0,1925.0,1925.0,1825.0,1850.0,1800.0,1750.0,1838.0,1775.0,1800.0,1735.0,1795.0,1750.0,1749.0,1750.0,1750.0,1750.0,1800.0,1850.0,1900.0,1833.0,1825.0,1799.0,1850.0,1850.0,1850.0,1900.0,1899.0,1881.0,1900.0,2075.0,1935.0,1975.0,2000.0,2100.0,2100.0,2099.0,2100.0,2055.0,2099.0,2000.0,1949.0,1999.0,1899.0,1850.0,1850.0,1850.0,1850.0,1795.0,1800.0,1877.0,1950.0,1999.0,1976.0,1975.0,2095.0,1995.0,2100.0,2100.0,2190.0,2175.0,2100.0,1995.0,2200.0,2300.0,2300.0,2250.0,2300.0,2500.0,2449.0,2500.0,2541.0,2525.0,2547.0,2440.0,2516.0,2400.0,2450.0,2499.0,2495.0,2895.0,2700.0,2650.0,2500.0,2550.0,2450.0,2800.0,2995.0,2850.0,2800.0,2800.0,2750.0,2620.0,2799.0,2850.0,2695.0,2600.0,2650.0,2700.0,2895.0,3050.0,2980.0,2650.0,2688.0,2600.0,2525.0,2658.0,2550.0,2595.0,2790.0,2795.0,2869.0,2800.0
Mill Basin,Brooklyn,neighborhood,,,,,,,,,,,,,,,,,,,,,,,,,,,4900.0,4900.0,,,1250.0,1250.0,,1300.0,1300.0,,,,1900.0,1900.0,1900.0,,,2000.0,2000.0,1500.0,1400.0,,,,,,,1750.0,1800.0,2100.0,2100.0,2800.0,2800.0,1950.0,1950.0,1950.0,1550.0,1550.0,,1600.0,2100.0,,3200.0,3200.0,3200.0,3200.0,3200.0,3200.0,3200.0,3200.0,2500.0,2500.0,,,,,2100.0,2100.0,2300.0,2300.0,2300.0,2300.0,2000.0,2000.0,2400.0,,,2200.0,2300.0,2300.0,2800.0,3000.0,3000.0,3000.0,1950.0,1950.0,3000.0,2395.0,2250.0,2350.0,3000.0,2800.0,4500.0,2250.0,2150.0,2150.0,1700.0,2150.0,3750.0,2200.0,2200.0,2200.0,2200.0,3499.0,2199.0,,2250.0,2250.0,1650.0,1650.0,2895.0,,12000.0,,2300.0,2150.0,2150.0,,2100.0,2800.0,2300.0,2200.0,2000.0,2000.0,2000.0,15000.0,15000.0,1600.0,2800.0,2800.0,2850.0,2900.0,5500.0,5195.0,1800.0,6500.0,3500.0,3260.0,3500.0,5500.0,3100.0,2800.0,2800.0,3300.0,2350.0,2400.0,3400.0,3800.0,3700.0,3500.0,,,,,3300.0,,2400.0,2400.0,,3300.0,3300.0,3300.0,5700.0,5500.0,5500.0,3050.0,3050.0,2000.0,2500.0,3000.0,25000.0,,2100.0,2500.0,2500.0,2850.0,2850.0,,3399.0,3400.0,2150.0,2100.0
Morningside Heights,Manhattan,neighborhood,2200.0,2150.0,2100.0,2100.0,2095.0,2200.0,2200.0,1995.0,2200.0,2450.0,2450.0,2450.0,2396.0,2350.0,2350.0,2500.0,2500.0,2395.0,2850.0,2950.0,3000.0,2500.0,2600.0,2600.0,2600.0,2471.0,2391.0,2795.0,2950.0,2950.0,2995.0,2795.0,2995.0,2750.0,2675.0,2575.0,2600.0,2600.0,2600.0,2755.0,2800.0,2800.0,2875.0,2900.0,3000.0,3000.0,2800.0,3000.0,3345.0,3035.0,3460.0,3355.0,3340.0,3226.0,3400.0,3395.0,3300.0,3200.0,3300.0,3395.0,3195.0,3260.0,3250.0,3250.0,3483.0,3580.0,3600.0,3575.0,3400.0,3450.0,3000.0,3020.0,2950.0,3184.0,3253.0,3300.0,3254.0,3300.0,3400.0,3350.0,3350.0,3350.0,3350.0,3204.0,3200.0,3150.0,3190.0,3208.0,3240.0,3150.0,3200.0,3231.0,3128.0,2875.0,2895.0,2979.0,2900.0,2979.0,2995.0,2995.0,3150.0,3195.0,3200.0,3300.0,3150.0,3083.0,2975.0,2917.0,2994.0,2800.0,2917.0,2975.0,3196.0,3395.0,3295.0,3346.0,3346.0,3167.0,3167.0,3299.0,3295.0,3200.0,3300.0,3208.0,3400.0,3350.0,3195.0,3000.0,2795.0,2825.0,2800.0,2850.0,3000.0,2895.0,3000.0,3285.0,3375.0,3300.0,3300.0,3395.0,3002.0,3500.0,3600.0,3200.0,3295.0,3300.0,3695.0,3970.0,3850.0,4000.0,3700.0,3750.0,4500.0,3995.0,4000.0,3875.0,3800.0,4215.0,4185.0,4295.0,4150.0,4100.0,4000.0,4177.0,4200.0,3795.0,4000.0,4195.0,4200.0,4195.0,4399.0,4175.0,3850.0,4000.0,4000.0,4000.0,3800.0,4100.0,4100.0,4250.0,4350.0,4216.0,4300.0,4372.0,4600.0,4500.0,4750.0,4985.0,4800.0,4600.0,4595.0,4250.0,4500.0,4800.0,4450.0,4700.0,4700.0,4800.0
Morris Heights,Bronx,neighborhood,,,,,,,,1500.0,1500.0,,,,,,,,,,,,,,800.0,,,,,,,,,1250.0,1500.0,1500.0,1500.0,1500.0,,,,,1450.0,1450.0,,,,1600.0,1495.0,1475.0,1400.0,1475.0,1475.0,1475.0,1095.0,1150.0,1475.0,1250.0,1250.0,1250.0,1295.0,1450.0,1295.0,1295.0,1295.0,1375.0,1375.0,2275.0,2150.0,2150.0,1595.0,1595.0,1595.0,1595.0,1700.0,1600.0,1545.0,1425.0,2142.0,2000.0,1895.0,1450.0,1495.0,1495.0,1525.0,1600.0,1425.0,1495.0,1750.0,1495.0,1490.0,1650.0,1650.0,1650.0,1650.0,1675.0,1675.0,1599.0,1625.0,1800.0,1800.0,1875.0,1850.0,1800.0,1700.0,1800.0,1800.0,1595.0,1624.0,1695.0,1695.0,1695.0,1650.0,1650.0,1800.0,1800.0,1849.0,2100.0,2100.0,2050.0,1849.0,1967.0,1967.0,2061.0,1900.0,1900.0,2100.0,1850.0,1850.0,1800.0,1850.0,1900.0,1750.0,1850.0,1800.0,1800.0,1800.0,1900.0,1795.0,1650.0,1750.0,1800.0,1795.0,2150.0,1900.0,1750.0,2245.0,2050.0,1850.0,2095.0,2095.0,1900.0,1845.0,2200.0,2295.0,2400.0,2195.0,2200.0,1950.0,2200.0,2300.0,1890.0,1890.0,4350.0,3150.0,2000.0,2000.0,2500.0,2400.0,2400.0,2092.0,1900.0,1957.0,2400.0,2325.0,2250.0,2250.0,1895.0,2430.0,2000.0,2270.0,2800.0,2200.0,2000.0,1945.0,2900.0,2100.0,2600.0,2450.0,3000.0,1950.0,2900.0,2900.0,2400.0,2500.0,2100.0,2550.0,2550.0,2499.0,1700.0
Morris Park,Bronx,neighborhood,850.0,850.0,850.0,,,1550.0,1550.0,1250.0,1250.0,1250.0,1150.0,1150.0,1050.0,1050.0,1050.0,,1100.0,1100.0,1200.0,1223.0,1223.0,1200.0,1223.0,1223.0,1200.0,1200.0,1200.0,1200.0,1200.0,1200.0,1100.0,1100.0,1400.0,1300.0,1395.0,1000.0,1000.0,1000.0,1000.0,1200.0,1200.0,1200.0,1500.0,1100.0,1100.0,1100.0,1950.0,1800.0,1350.0,1300.0,1299.0,1378.0,1375.0,1398.0,1500.0,1399.0,1400.0,1400.0,1400.0,1399.0,1400.0,1400.0,1400.0,1400.0,1399.0,1400.0,1399.0,1450.0,1450.0,1450.0,1450.0,1450.0,1450.0,1450.0,1450.0,1450.0,1450.0,1450.0,1500.0,1500.0,1500.0,1500.0,1500.0,1500.0,1500.0,1500.0,1550.0,1600.0,1575.0,1600.0,1575.0,1575.0,1750.0,1600.0,1600.0,1600.0,1800.0,1850.0,1850.0,1900.0,1850.0,1800.0,1900.0,1900.0,1700.0,1850.0,1650.0,1650.0,1799.0,1800.0,1700.0,1750.0,1800.0,1900.0,1900.0,1999.0,1999.0,2200.0,2200.0,1900.0,1745.0,1700.0,1999.0,1998.0,1900.0,2000.0,2048.0,1700.0,1800.0,1850.0,1949.0,1725.0,1675.0,1750.0,1800.0,2000.0,2000.0,1749.0,1749.0,1850.0,1750.0,1825.0,1900.0,2099.0,1775.0,1775.0,1500.0,1883.0,2300.0,1999.0,2150.0,2250.0,2190.0,1799.0,1699.0,1795.0,1800.0,1900.0,1900.0,1948.0,1899.0,2350.0,2350.0,2599.0,2599.0,2349.0,2299.0,2299.0,1599.0,2007.0,2199.0,2443.0,2295.0,1875.0,2099.0,2599.0,2281.0,1626.0,1450.0,2599.0,2350.0,2350.0,2375.0,2251.0,2100.0,2599.0,2599.0,2800.0,2849.0,2599.0,1799.0,2199.0,2149.0,,2449.0,2449.0,2750.0,2475.0
Morrisania,Bronx,neighborhood,,,,,,,,,1600.0,1600.0,1600.0,1600.0,,1800.0,1800.0,1800.0,1800.0,1800.0,,,,,,,,,,,,,,,,1150.0,1150.0,1150.0,1600.0,1300.0,1300.0,,1500.0,1500.0,,,,1500.0,,1350.0,1350.0,1700.0,,,,,,854.0,915.0,854.0,703.0,854.0,917.0,1109.0,2001.0,1123.0,1123.0,931.0,931.0,1067.0,1125.0,1250.0,2000.0,2350.0,2100.0,2200.0,1293.0,932.0,1183.0,1500.0,1500.0,1850.0,1700.0,1700.0,1700.0,2000.0,2200.0,2200.0,1400.0,1650.0,2300.0,2200.0,2200.0,1017.0,1355.0,1355.0,1675.0,1750.0,1700.0,1675.0,2300.0,1700.0,2150.0,1995.0,1995.0,1750.0,1650.0,2200.0,1700.0,2000.0,1700.0,1750.0,1750.0,1800.0,1874.0,1874.0,2149.0,2012.0,2050.0,1750.0,1600.0,1700.0,1850.0,2150.0,1650.0,2500.0,1600.0,2350.0,2490.0,1650.0,1950.0,1900.0,2110.0,2110.0,1725.0,2350.0,1799.0,1875.0,2175.0,2175.0,2425.0,1750.0,2350.0,2500.0,2599.0,1800.0,1800.0,1395.0,2075.0,1800.0,2250.0,1795.0,2805.0,1574.0,1850.0,1594.0,1750.0,2300.0,2400.0,1750.0,1950.0,2500.0,2750.0,2500.0,2380.0,2250.0,2300.0,2350.0,3499.0,2300.0,2650.0,2600.0,2750.0,1655.0,1750.0,1750.0,2190.0,2300.0,1790.0,2525.0,2525.0,3000.0,2150.0,2100.0,2700.0,3464.0,1722.0,1468.0,3464.0,1722.0,2800.0,2950.0,3550.0,2950.0,3000.0,2593.0,2816.0,3361.0,3500.0,2900.0
Mott Haven,Bronx,neighborhood,1650.0,1600.0,1600.0,1600.0,1600.0,1400.0,1450.0,1399.0,1300.0,1500.0,1500.0,1500.0,1500.0,1450.0,1400.0,926.0,763.0,926.0,1800.0,1800.0,1499.0,1499.0,1300.0,1550.0,1500.0,1500.0,1800.0,1290.0,1100.0,1100.0,1150.0,1250.0,1150.0,1650.0,1800.0,1700.0,1400.0,1400.0,1750.0,1500.0,1500.0,1800.0,1900.0,1800.0,1900.0,1800.0,2100.0,1800.0,1800.0,1900.0,1908.0,1900.0,1700.0,1650.0,1599.0,1600.0,1600.0,1500.0,1500.0,1650.0,1600.0,1600.0,1700.0,1750.0,1750.0,1700.0,1750.0,1750.0,2000.0,2000.0,2200.0,2100.0,2000.0,1995.0,2100.0,1800.0,1800.0,1950.0,1950.0,1900.0,1900.0,1900.0,2300.0,2383.0,2200.0,1800.0,2085.0,2085.0,1950.0,2400.0,1999.0,2000.0,1925.0,1950.0,2131.0,2190.0,2100.0,2200.0,2200.0,2300.0,2250.0,2280.0,2350.0,2300.0,2200.0,2050.0,2000.0,1950.0,2000.0,2295.0,2238.0,2275.0,2250.0,2490.0,2463.0,2383.0,2350.0,2295.0,2185.0,2200.0,2275.0,2389.0,2350.0,2350.0,2175.0,2100.0,2262.0,2214.0,2200.0,2200.0,2246.0,2200.0,2246.0,2200.0,2280.0,2310.0,2350.0,2300.0,2399.0,2450.0,2500.0,2450.0,2500.0,2500.0,2750.0,2825.0,3051.0,2650.0,2750.0,2750.0,2795.0,2795.0,2750.0,2800.0,2700.0,2658.0,2860.0,2885.0,2885.0,2884.0,2950.0,2960.0,2985.0,2960.0,2999.0,3150.0,3049.0,3050.0,3050.0,3050.0,3050.0,3095.0,3111.0,3100.0,3100.0,3120.0,3115.0,3100.0,3100.0,3120.0,3126.0,3075.0,3124.0,3126.0,3130.0,3200.0,3189.0,3130.0,3130.0,3160.0,3175.0,3222.0,3195.0,3225.0,3206.0,3166.0,3225.0,3175.0
NYC,,city,2650.0,2600.0,2600.0,2650.0,2695.0,2700.0,2750.0,2790.0,2850.0,2850.0,2800.0,2756.0,2750.0,2745.0,2750.0,2800.0,2800.0,2900.0,2900.0,2995.0,3095.0,3060.0,3050.0,3000.0,2995.0,2950.0,2995.0,3000.0,3000.0,3000.0,3000.0,3000.0,3150.0,3100.0,3100.0,3100.0,3000.0,3000.0,3000.0,3000.0,3000.0,3000.0,3000.0,3100.0,3100.0,3000.0,2995.0,2950.0,2900.0,2900.0,2900.0,2980.0,2990.0,2950.0,2900.0,2900.0,2900.0,2860.0,2800.0,2800.0,2800.0,2800.0,2800.0,2850.0,2899.0,2900.0,2950.0,2975.0,2950.0,2900.0,2852.0,2893.0,2900.0,2900.0,2925.0,2950.0,2995.0,2995.0,2995.0,2991.0,2933.0,2900.0,2800.0,2800.0,2775.0,2750.0,2700.0,2750.0,2775.0,2795.0,2800.0,2899.0,2850.0,2800.0,2700.0,2700.0,2700.0,2695.0,2700.0,2750.0,2799.0,2800.0,2850.0,2825.0,2800.0,2700.0,2675.0,2658.0,2695.0,2700.0,2700.0,2800.0,2850.0,2925.0,2950.0,2950.0,2950.0,2950.0,2900.0,2900.0,2925.0,2950.0,2995.0,3070.0,3000.0,2970.0,2895.0,2765.0,2658.0,2585.0,2500.0,2500.0,2495.0,2495.0,2475.0,2499.0,2500.0,2575.0,2650.0,2700.0,2725.0,2700.0,2725.0,2800.0,2900.0,2975.0,3000.0,3200.0,3350.0,3500.0,3595.0,3600.0,3535.0,3500.0,3400.0,3400.0,3495.0,3495.0,3500.0,3650.0,3708.0,3750.0,3800.0,3780.0,3750.0,3600.0,3500.0,3500.0,3500.0,3575.0,3600.0,3725.0,3800.0,3800.0,3832.0,3800.0,3750.0,3672.0,3600.0,3600.0,3600.0,3615.0,3700.0,3850.0,3900.0,4000.0,4084.0,4085.0,3995.0,3950.0,3850.0,3850.0,3899.0,3950.0,3995.0,4111.0,4199.0,4200.0
New Hyde Park,Queens,neighborhood,,,,,,,,,,,,,1200.0,1200.0,1200.0,,,,,,,,,,,,,,1600.0,1600.0,,,,,,,,,,,,,,,,,,,,,,,,,,,,,,,,,,,,,1300.0,1300.0,,,,,,1350.0,,,,,,,,,,,,,,,,,,,,,,2000.0,2000.0,,,,,,,,,,,,,,,,,,,2350.0,2200.0,,,,,,,,,,,,,3600.0,3600.0,,2200.0,,,,,,,,,,,,,,,,,,,,,2499.0,2399.0,,2800.0,,,,,,,,,,,2450.0,,3500.0,,,,,,,,,,,,,3000.0,3000.0,,,3500.0,3500.0,,,,,,,,,,
Nolita,Manhattan,neighborhood,3000.0,2800.0,3150.0,3150.0,3100.0,3100.0,2900.0,3275.0,3275.0,3350.0,2900.0,2950.0,2900.0,2995.0,2700.0,2950.0,3250.0,3200.0,3295.0,3295.0,3500.0,3500.0,3600.0,3500.0,3475.0,3495.0,3495.0,3400.0,3400.0,3495.0,3495.0,3495.0,3450.0,3450.0,3600.0,3395.0,3450.0,3195.0,3395.0,3395.0,3495.0,3600.0,3600.0,3495.0,3495.0,2500.0,3495.0,3495.0,3350.0,3300.0,3350.0,3400.0,3450.0,3495.0,3500.0,3500.0,3495.0,3425.0,3650.0,3495.0,3495.0,3400.0,3475.0,3595.0,3500.0,3595.0,3600.0,3595.0,3550.0,3550.0,3500.0,3500.0,3595.0,3595.0,3595.0,3950.0,3800.0,3795.0,3695.0,3695.0,3895.0,3700.0,3800.0,3800.0,3600.0,3995.0,3600.0,3695.0,3695.0,3695.0,3800.0,3800.0,3650.0,3495.0,3495.0,3500.0,3500.0,3495.0,3500.0,3595.0,3695.0,3695.0,3895.0,3750.0,3600.0,3650.0,3700.0,3500.0,3375.0,3495.0,3504.0,3750.0,3850.0,3795.0,3795.0,3950.0,3795.0,3700.0,3850.0,3895.0,3750.0,3895.0,3950.0,4095.0,3995.0,3795.0,3495.0,3450.0,2995.0,3194.0,2925.0,2800.0,2750.0,2650.0,2625.0,2695.0,2995.0,3550.0,3700.0,4000.0,3800.0,3800.0,3695.0,3650.0,4100.0,4000.0,4000.0,4400.0,4495.0,5000.0,5195.0,5454.0,5050.0,5295.0,5100.0,4900.0,4450.0,4395.0,4395.0,4295.0,4395.0,4495.0,4995.0,4995.0,5000.0,4595.0,4295.0,4495.0,4500.0,4500.0,4495.0,4500.0,4595.0,4595.0,4895.0,4975.0,5195.0,5000.0,5195.0,4725.0,4700.0,4880.0,5120.0,4995.0,5130.0,5395.0,5320.0,5360.0,5195.0,4995.0,5250.0,5000.0,4995.0,5295.0,5495.0,5495.0,5630.0,5495.0
North Corona,Queens,neighborhood,1600.0,1600.0,1600.0,1600.0,,,,,,,,,1225.0,1225.0,1225.0,1225.0,1225.0,1175.0,1150.0,1150.0,,1000.0,1150.0,,,1050.0,1050.0,1400.0,1650.0,1950.0,1425.0,1400.0,1400.0,1400.0,1400.0,1425.0,1700.0,1300.0,1300.0,1400.0,1400.0,1300.0,1300.0,1300.0,2000.0,2200.0,1625.0,2200.0,1395.0,1850.0,1495.0,1475.0,1475.0,1695.0,2150.0,1600.0,1350.0,1450.0,1550.0,1550.0,1495.0,1495.0,1550.0,1695.0,1800.0,1595.0,1575.0,1650.0,1525.0,1850.0,1850.0,1498.0,1595.0,1695.0,1675.0,2500.0,2000.0,2095.0,2000.0,2700.0,2000.0,1800.0,2000.0,1675.0,2000.0,2000.0,1750.0,1750.0,1750.0,2200.0,1775.0,1570.0,1775.0,1595.0,1550.0,1550.0,1600.0,1595.0,1700.0,1700.0,1595.0,1950.0,1950.0,1700.0,1650.0,1700.0,1750.0,1595.0,1550.0,1550.0,1700.0,1780.0,2250.0,1850.0,2495.0,1750.0,1695.0,1750.0,1775.0,2100.0,2500.0,1750.0,1600.0,1750.0,1625.0,1650.0,1800.0,1700.0,1650.0,1950.0,2200.0,1875.0,2100.0,1900.0,2300.0,2300.0,2300.0,2000.0,1990.0,1550.0,1550.0,1850.0,1450.0,1876.0,1210.0,1210.0,2400.0,2300.0,2125.0,1725.0,2600.0,2100.0,2500.0,2700.0,2200.0,2000.0,1795.0,2200.0,1850.0,2950.0,2800.0,3500.0,2184.0,2375.0,3300.0,2695.0,2650.0,2600.0,2750.0,3180.0,3000.0,2999.0,2500.0,2400.0,2300.0,2395.0,2600.0,2371.0,2500.0,2400.0,2550.0,2350.0,2800.0,2475.0,2475.0,2775.0,2900.0,3000.0,2450.0,2300.0,3000.0,3000.0,2700.0,2300.0,2495.0,2550.0,2495.0,2500.0
Norwood,Bronx,neighborhood,900.0,900.0,,795.0,,,1395.0,1025.0,1025.0,1345.0,1150.0,1150.0,1200.0,1075.0,1075.0,850.0,1495.0,950.0,950.0,1050.0,1050.0,,995.0,995.0,895.0,1095.0,1100.0,1095.0,1095.0,1050.0,1050.0,975.0,1100.0,1200.0,1195.0,1150.0,1300.0,1300.0,1300.0,1400.0,1350.0,1350.0,1300.0,1200.0,1250.0,1295.0,1200.0,1400.0,1450.0,1200.0,1200.0,1200.0,1050.0,1150.0,1195.0,1300.0,1300.0,1300.0,1300.0,1175.0,1150.0,1400.0,1350.0,1350.0,1400.0,1475.0,1400.0,1400.0,1400.0,1400.0,1400.0,1350.0,1300.0,1300.0,1450.0,1500.0,1475.0,1425.0,1450.0,1400.0,1500.0,1500.0,1500.0,1495.0,1495.0,1500.0,1475.0,1495.0,1475.0,1450.0,1500.0,1550.0,1550.0,1575.0,1695.0,1500.0,1695.0,1595.0,1499.0,1485.0,1475.0,1850.0,1750.0,1550.0,1550.0,1550.0,1675.0,1795.0,1675.0,1475.0,1500.0,1600.0,1600.0,1625.0,1650.0,1744.0,1750.0,1795.0,1875.0,1675.0,1675.0,1625.0,1525.0,1595.0,1650.0,1650.0,1895.0,1850.0,1695.0,1700.0,1550.0,1650.0,1950.0,1795.0,1550.0,1595.0,1650.0,1700.0,1595.0,1595.0,1775.0,1550.0,1950.0,2260.0,1795.0,1750.0,1749.0,1725.0,1650.0,1825.0,1895.0,2100.0,1795.0,2295.0,2130.0,2125.0,2100.0,1819.0,1875.0,1895.0,1700.0,1975.0,1900.0,1875.0,2000.0,1800.0,1990.0,1985.0,1995.0,1995.0,1775.0,1775.0,1879.0,2000.0,2100.0,2100.0,1975.0,2584.0,1975.0,1895.0,2195.0,1950.0,1995.0,1895.0,1995.0,1995.0,1695.0,2095.0,1995.0,1700.0,2100.0,2000.0,1933.0,2000.0,2095.0,2495.0,1930.0,1850.0
Oakland Gardens,Queens,neighborhood,,,,,,,,,,,,1400.0,1400.0,1400.0,1400.0,1400.0,1400.0,1400.0,1400.0,1400.0,1400.0,1400.0,1400.0,,1950.0,1950.0,,2500.0,2500.0,1250.0,1600.0,1600.0,1550.0,1550.0,1500.0,1500.0,1350.0,1350.0,1350.0,1350.0,1350.0,,1400.0,1700.0,1700.0,1465.0,1465.0,1700.0,2300.0,2300.0,2300.0,2300.0,2300.0,2300.0,1800.0,1850.0,2300.0,1750.0,2000.0,2000.0,1950.0,1800.0,1950.0,2100.0,2100.0,2100.0,1950.0,2100.0,1850.0,1750.0,1750.0,1850.0,1700.0,1700.0,1850.0,1750.0,1750.0,2000.0,2000.0,1850.0,2100.0,2150.0,2100.0,1750.0,1700.0,1725.0,1745.0,2150.0,2150.0,1775.0,2100.0,1750.0,1700.0,1700.0,1650.0,1650.0,1999.0,1775.0,1750.0,1850.0,2650.0,2000.0,1775.0,1700.0,2300.0,2000.0,1775.0,2100.0,2000.0,2000.0,2200.0,1685.0,1750.0,1950.0,2100.0,1750.0,2000.0,1750.0,2100.0,1775.0,1800.0,1755.0,2400.0,2450.0,2400.0,2300.0,2250.0,2275.0,2100.0,2100.0,2100.0,2400.0,2200.0,1750.0,2000.0,1750.0,2095.0,2095.0,2250.0,2450.0,2500.0,2550.0,2150.0,2095.0,2250.0,2300.0,2375.0,2375.0,2400.0,2450.0,2350.0,2345.0,2345.0,2345.0,2295.0,2300.0,2595.0,2395.0,2395.0,2350.0,2395.0,2400.0,2350.0,2500.0,2550.0,2598.0,2450.0,2450.0,2450.0,2550.0,2450.0,2498.0,2658.0,2695.0,2695.0,2650.0,2550.0,2695.0,2750.0,2750.0,2700.0,2725.0,2695.0,2650.0,2700.0,2700.0,2750.0,2800.0,2750.0,2800.0,2750.0,2750.0,2900.0,2850.0,2800.0,2845.0,2895.0,2800.0
Old Mill Basin,Brooklyn,neighborhood,,,,,,,,,,,,,,,,,,,,,,,,,,,,,,,,,1000.0,1000.0,,,,1300.0,1300.0,,2000.0,1600.0,1600.0,1500.0,1400.0,1400.0,1800.0,1350.0,,,,,,,,1200.0,1200.0,1200.0,1200.0,1200.0,,,,1400.0,1400.0,,,,4000.0,3800.0,2700.0,1800.0,1650.0,1800.0,1800.0,1800.0,,1800.0,1950.0,1800.0,1899.0,1800.0,2300.0,1600.0,1600.0,1500.0,,,,,,,,,,1750.0,1750.0,2000.0,1999.0,2099.0,2000.0,2000.0,2000.0,,,2000.0,2697.0,,,2200.0,2200.0,2100.0,,,1975.0,1850.0,,2200.0,1995.0,2400.0,2000.0,2000.0,,,,1950.0,2400.0,2375.0,1500.0,2375.0,2150.0,2150.0,,2250.0,,2400.0,2650.0,2400.0,1900.0,1850.0,2200.0,2350.0,2600.0,,,,1500.0,1500.0,2100.0,1499.0,2350.0,2350.0,2400.0,,,2800.0,2300.0,2000.0,1999.0,1999.0,1999.0,,,1599.0,1599.0,1599.0,1599.0,1800.0,1600.0,2400.0,2600.0,2000.0,2000.0,2000.0,1500.0,1599.0,2000.0,2699.0,,,3300.0,3300.0,1350.0,2600.0,2500.0,2500.0,3200.0,2800.0,,,,2999.0,,,,,2100.0,2000.0
Ozone Park,Queens,neighborhood,,,,,,,,,,,,2100.0,2100.0,1300.0,1300.0,2100.0,2100.0,1450.0,1450.0,1450.0,2100.0,2100.0,2100.0,,,,,,,,,,,,,,,,,,,,,,,2200.0,2200.0,2000.0,2000.0,,900.0,,,,,,1800.0,1800.0,1990.0,1695.0,1695.0,1990.0,1990.0,,,,1400.0,1500.0,1500.0,1500.0,2000.0,1600.0,1500.0,1500.0,2200.0,2200.0,2200.0,,1499.0,,1800.0,1800.0,2200.0,2400.0,2400.0,2400.0,2400.0,2300.0,2400.0,1750.0,1750.0,1425.0,2300.0,1900.0,2100.0,2200.0,2299.0,2399.0,1750.0,1625.0,1475.0,1560.0,1650.0,1550.0,1475.0,1500.0,1700.0,1500.0,1900.0,1600.0,1600.0,2250.0,1500.0,,2500.0,,,2399.0,2000.0,2000.0,2200.0,1995.0,1995.0,1699.0,1700.0,2400.0,2100.0,2100.0,2400.0,2450.0,2250.0,2100.0,2250.0,2250.0,2250.0,1700.0,1500.0,1500.0,1600.0,1575.0,1575.0,2500.0,1710.0,1999.0,2500.0,2500.0,2500.0,2775.0,2050.0,2050.0,2300.0,2250.0,2400.0,1900.0,1900.0,1800.0,1800.0,2300.0,2450.0,2300.0,2100.0,2350.0,,2800.0,2800.0,1600.0,2000.0,2000.0,2100.0,2175.0,2150.0,2600.0,2025.0,2350.0,2100.0,2150.0,2200.0,2100.0,3000.0,2500.0,2500.0,2000.0,2000.0,2000.0,1999.0,2800.0,2300.0,3000.0,3000.0,2100.0,2850.0,3400.0,2850.0,2850.0,2850.0,2850.0,1807.0,2190.0
Park Slope,Brooklyn,neighborhood,2200.0,2150.0,2200.0,2250.0,2400.0,2475.0,2400.0,2400.0,2600.0,2600.0,2395.0,2300.0,2500.0,2500.0,2500.0,2600.0,2600.0,2700.0,2600.0,2750.0,2900.0,2900.0,2800.0,2750.0,2650.0,2600.0,2750.0,2750.0,2750.0,2900.0,2800.0,2800.0,2995.0,2900.0,3000.0,2895.0,2700.0,2600.0,2600.0,2700.0,2800.0,2900.0,2800.0,2850.0,2800.0,2800.0,2700.0,2700.0,2700.0,2800.0,2750.0,2800.0,2800.0,2900.0,2850.0,2800.0,2850.0,2900.0,2800.0,2800.0,2900.0,2900.0,2900.0,2900.0,3000.0,3000.0,3000.0,2900.0,2850.0,2850.0,2850.0,2850.0,2900.0,2800.0,2800.0,2900.0,2900.0,2995.0,3000.0,3000.0,2975.0,2900.0,2800.0,2800.0,2800.0,2795.0,2700.0,2700.0,2800.0,2800.0,2800.0,2900.0,2900.0,2860.0,2800.0,2800.0,2800.0,2799.0,2700.0,2850.0,2884.0,2900.0,2900.0,2950.0,2975.0,2995.0,2975.0,2949.0,2850.0,2899.0,2900.0,2900.0,3000.0,3100.0,3100.0,3150.0,3000.0,3300.0,3000.0,3000.0,3000.0,3200.0,3200.0,3000.0,3195.0,3100.0,3000.0,2975.0,2850.0,2800.0,2695.0,2650.0,2650.0,2675.0,2600.0,2550.0,2649.0,2650.0,2775.0,2950.0,3000.0,3175.0,3199.0,3106.0,3250.0,3100.0,3450.0,3350.0,3800.0,3795.0,4000.0,3927.0,3999.0,4200.0,4200.0,3995.0,3995.0,3800.0,3750.0,3745.0,3900.0,3950.0,4195.0,3995.0,3999.0,3995.0,3900.0,4000.0,3995.0,3995.0,3895.0,4000.0,4000.0,4000.0,4000.0,3995.0,3950.0,3999.0,4200.0,4100.0,3909.0,3900.0,3850.0,4200.0,4200.0,4200.0,4300.0,4300.0,4250.0,4150.0,4100.0,4000.0,4200.0,4201.0,4200.0,4495.0,4499.0,4500.0
Parkchester,Bronx,neighborhood,1050.0,975.0,975.0,975.0,,1100.0,1100.0,,,1300.0,1300.0,1300.0,1300.0,1300.0,1300.0,1300.0,1150.0,1175.0,1300.0,1300.0,1300.0,1300.0,1300.0,1300.0,1200.0,1300.0,1200.0,1300.0,1175.0,1300.0,1300.0,1300.0,1300.0,1300.0,1300.0,1300.0,1300.0,1300.0,1300.0,1300.0,1185.0,1175.0,1175.0,1300.0,1425.0,1175.0,1100.0,1300.0,1150.0,1100.0,1100.0,1025.0,1025.0,1025.0,1255.0,1225.0,1225.0,1250.0,1255.0,1225.0,1350.0,1413.0,1275.0,1225.0,1225.0,1244.0,1262.0,1295.0,1316.0,1338.0,1315.0,1580.0,1375.0,1340.0,1340.0,1340.0,1315.0,1315.0,1351.0,1500.0,1500.0,1500.0,1558.0,1550.0,1558.0,1605.0,1355.0,1800.0,1680.0,1605.0,1600.0,1600.0,1615.0,1450.0,1400.0,1395.0,1399.0,1425.0,1435.0,1456.0,1447.0,1450.0,1495.0,1513.0,1513.0,1500.0,1513.0,1475.0,1514.0,1514.0,1525.0,1600.0,1575.0,1550.0,1725.0,1600.0,1600.0,1600.0,1600.0,1535.0,1535.0,1600.0,1600.0,1600.0,1600.0,1895.0,1600.0,1600.0,1600.0,1600.0,1600.0,1600.0,1600.0,1500.0,1450.0,1600.0,1600.0,1700.0,1600.0,1950.0,2010.0,1950.0,1945.0,1850.0,1800.0,1600.0,1600.0,1650.0,1600.0,1600.0,1600.0,1800.0,1885.0,1950.0,2350.0,1725.0,1650.0,2295.0,1950.0,2500.0,2499.0,1950.0,1675.0,1650.0,2000.0,1950.0,1950.0,2100.0,1900.0,1900.0,1695.0,1650.0,1750.0,1795.0,1650.0,1650.0,1750.0,1650.0,2200.0,1950.0,1995.0,2300.0,2100.0,2250.0,2445.0,2500.0,2400.0,2400.0,2400.0,2400.0,2400.0,2400.0,2400.0,2400.0,,2900.0,2150.0,2200.0
Pelham Bay,Bronx,neighborhood,875.0,875.0,2500.0,,,1500.0,1500.0,1500.0,1500.0,1500.0,,,,,,,,,,1400.0,1400.0,1375.0,1375.0,1600.0,1175.0,1150.0,1150.0,1275.0,1275.0,1250.0,1250.0,1150.0,1075.0,1275.0,1075.0,1075.0,1060.0,1300.0,1400.0,1400.0,1400.0,1800.0,1100.0,1100.0,1100.0,,1325.0,,1800.0,1800.0,1800.0,1800.0,1900.0,1900.0,1300.0,1275.0,1350.0,1500.0,1400.0,1400.0,1900.0,2000.0,1322.0,1300.0,1300.0,1300.0,2100.0,2050.0,1375.0,1300.0,1500.0,1500.0,1500.0,1399.0,1475.0,1450.0,1500.0,1500.0,1800.0,1500.0,1500.0,1500.0,1500.0,1500.0,1375.0,1375.0,1450.0,1550.0,1395.0,1500.0,1550.0,1575.0,1700.0,1625.0,1625.0,1575.0,1550.0,1550.0,1600.0,1800.0,1600.0,1350.0,1550.0,1800.0,1800.0,1700.0,2000.0,1950.0,1550.0,1550.0,1650.0,1700.0,1625.0,1725.0,1850.0,1850.0,1550.0,1525.0,1550.0,1636.0,1600.0,1600.0,1550.0,1600.0,1600.0,1650.0,1650.0,1600.0,1620.0,1650.0,1700.0,1721.0,1675.0,1695.0,1625.0,1625.0,1750.0,1700.0,1675.0,1675.0,1750.0,1750.0,1695.0,1695.0,1725.0,1900.0,1725.0,1950.0,1950.0,1950.0,1875.0,2044.0,2150.0,1848.0,2200.0,2400.0,2075.0,2200.0,2100.0,1750.0,1900.0,1875.0,1875.0,1804.0,1750.0,2140.0,1950.0,1700.0,1675.0,1800.0,1836.0,1925.0,1850.0,2095.0,2295.0,2795.0,1825.0,1755.0,1800.0,2064.0,3000.0,3000.0,3000.0,2950.0,3200.0,2950.0,3150.0,3150.0,3200.0,3150.0,3200.0,3000.0,3200.0,3225.0,3225.0,3225.0,3225.0,3300.0
Pelham Gardens,Bronx,neighborhood,,,,,,,,1400.0,,,,,,,,,,,,,1700.0,1900.0,1900.0,,,,,,,1800.0,1800.0,1550.0,1550.0,1550.0,,,,,,,,,,,,,,,,1800.0,1800.0,1199.0,1750.0,1750.0,1400.0,1400.0,1400.0,,,,1475.0,1475.0,,,,,,,1700.0,1600.0,1800.0,1999.0,1900.0,1899.0,1825.0,1825.0,1575.0,2000.0,,1899.0,1825.0,1799.0,1800.0,1999.0,1834.0,1750.0,1785.0,1575.0,1575.0,1650.0,1750.0,1750.0,1700.0,2100.0,1800.0,1999.0,,,1775.0,1999.0,2099.0,1999.0,1999.0,1800.0,2100.0,2382.0,2250.0,2250.0,1850.0,1999.0,3000.0,1875.0,1775.0,2800.0,1999.0,1999.0,2300.0,1650.0,1650.0,1550.0,1550.0,1650.0,2499.0,4250.0,1650.0,2599.0,2599.0,1999.0,1999.0,1650.0,1899.0,1749.0,1749.0,,,2400.0,1650.0,1999.0,2300.0,2300.0,2599.0,2300.0,2300.0,2800.0,3000.0,3000.0,2450.0,3000.0,1954.0,1950.0,1950.0,1950.0,2400.0,2795.0,2600.0,2150.0,2100.0,2599.0,2599.0,3500.0,2449.0,2599.0,2599.0,2599.0,2250.0,2349.0,2299.0,3500.0,2400.0,2400.0,2600.0,2600.0,2600.0,2449.0,2200.0,3200.0,,2800.0,2595.0,2599.0,2599.0,1600.0,1600.0,2895.0,1453.0,1736.0,2000.0,2000.0,2599.0,1899.0,2549.0,2550.0,2550.0,2790.0,1850.0,2800.0,2700.0,2599.0
Pelham Parkway,Bronx,neighborhood,,,,,,,,,,,,,,,,,,,,,,,,975.0,975.0,975.0,975.0,,,,,,,,1100.0,,,,,,,,1100.0,1100.0,1200.0,1150.0,1200.0,1200.0,1200.0,,1245.0,,1350.0,1350.0,1515.0,1515.0,1495.0,1450.0,1450.0,1250.0,1200.0,1350.0,1350.0,1699.0,1699.0,1675.0,1650.0,1650.0,1350.0,1350.0,1700.0,1650.0,1650.0,1650.0,1750.0,1750.0,1725.0,1250.0,1699.0,1750.0,1750.0,1750.0,1775.0,1750.0,1750.0,1799.0,1799.0,1498.0,2074.0,1799.0,1799.0,1297.0,1499.0,1799.0,1749.0,1748.0,1748.0,1725.0,1850.0,1876.0,1824.0,1900.0,1795.0,1799.0,1850.0,1850.0,1475.0,1775.0,1750.0,1775.0,1741.0,1949.0,1949.0,1899.0,1750.0,1550.0,1875.0,1874.0,1824.0,1895.0,2000.0,1899.0,1899.0,1899.0,1750.0,1750.0,1949.0,1900.0,1899.0,1899.0,1899.0,1899.0,1799.0,1800.0,1750.0,1924.0,1949.0,1999.0,1825.0,1750.0,1700.0,1700.0,2125.0,2100.0,1949.0,1750.0,1750.0,1750.0,1695.0,1675.0,1700.0,1750.0,1800.0,1775.0,1795.0,1750.0,1750.0,1725.0,1750.0,2000.0,1975.0,2575.0,2000.0,2000.0,2150.0,2299.0,2349.0,2349.0,2270.0,1849.0,1799.0,2599.0,2400.0,1995.0,1875.0,1750.0,1795.0,1850.0,2399.0,2181.0,2181.0,2100.0,1750.0,1900.0,1900.0,2275.0,1795.0,1850.0,1850.0,1800.0,1850.0,1850.0,1999.0,1825.0,2450.0,2500.0,2295.0,2295.0
Pomonok,Queens,neighborhood,3200.0,3200.0,,,,,,,,,,1680.0,1680.0,1650.0,1650.0,1250.0,1300.0,1300.0,1300.0,1250.0,1300.0,1300.0,1300.0,1300.0,1300.0,1300.0,1300.0,1300.0,1300.0,1300.0,1850.0,1850.0,1950.0,1300.0,1300.0,1300.0,1300.0,1300.0,1000.0,1000.0,1300.0,1300.0,1300.0,1300.0,1300.0,1300.0,1300.0,1300.0,1300.0,1300.0,1300.0,1300.0,1300.0,1300.0,1300.0,1300.0,1500.0,1500.0,2100.0,1800.0,2100.0,2100.0,2100.0,,,,,3500.0,1800.0,1800.0,3500.0,2000.0,2000.0,1900.0,1900.0,2400.0,2100.0,2400.0,1870.0,1500.0,1650.0,2050.0,1650.0,,1950.0,1950.0,1800.0,1800.0,1800.0,2200.0,2200.0,2350.0,2000.0,1950.0,1950.0,2750.0,1400.0,,1950.0,1950.0,2250.0,,2200.0,2200.0,2500.0,1599.0,1450.0,2300.0,2400.0,2000.0,2000.0,1975.0,2600.0,2250.0,1500.0,2250.0,2650.0,1750.0,1650.0,1650.0,2200.0,2000.0,2500.0,4000.0,3000.0,2100.0,2700.0,2800.0,1500.0,1775.0,2600.0,2480.0,1795.0,2500.0,1450.0,1650.0,1675.0,2400.0,1700.0,1650.0,1650.0,2000.0,2400.0,1950.0,1950.0,1690.0,1695.0,1725.0,1650.0,2295.0,2100.0,1725.0,2200.0,3200.0,2150.0,1850.0,1800.0,1950.0,1950.0,2650.0,2950.0,2695.0,2550.0,2625.0,2000.0,2700.0,2700.0,2700.0,3500.0,2300.0,2500.0,1900.0,,2250.0,2700.0,2995.0,2695.0,2795.0,2600.0,2100.0,2000.0,2300.0,2150.0,2300.0,3200.0,2950.0,,3095.0,2350.0,3500.0,2300.0,2200.0,2000.0,2999.0,1800.0,2900.0,2900.0,3950.0
Port Morris,Bronx,neighborhood,,,,,4166.0,4166.0,4166.0,4166.0,4166.0,,,,,,,,,,,,,,,,,,,,,,,,,,,,,,,,,,,,,,,,,,,,,,,,,,,,,,,,,,,,,,1700.0,1700.0,1700.0,1700.0,1700.0,,,,,1495.0,1495.0,1495.0,1495.0,1495.0,1600.0,1700.0,1700.0,1600.0,1550.0,1450.0,1450.0,1450.0,1700.0,1700.0,1900.0,1700.0,1850.0,1900.0,2050.0,1850.0,1741.0,1553.0,1475.0,3150.0,3150.0,3150.0,2800.0,2799.0,2320.0,1900.0,2200.0,1892.0,1892.0,,1925.0,1925.0,,,2150.0,,,1750.0,1750.0,2081.0,2000.0,1725.0,1600.0,1600.0,1600.0,1600.0,1600.0,1600.0,1600.0,1600.0,1900.0,1900.0,1900.0,1905.0,1905.0,1800.0,1995.0,1700.0,1877.0,1995.0,,1900.0,1905.0,1905.0,1905.0,,,2250.0,2000.0,2250.0,2250.0,,2700.0,2600.0,2500.0,1750.0,1750.0,1800.0,1800.0,,,,,,,,,,2000.0,2750.0,2750.0,2500.0,2000.0,,,2568.0,,4100.0,4100.0,2090.0,2090.0,2350.0,2350.0,3900.0,2995.0,2900.0,2850.0,2850.0,2995.0,,,,2600.0,2600.0
Prospect Heights,Brooklyn,neighborhood,2000.0,2100.0,2000.0,2300.0,2000.0,2300.0,2300.0,2100.0,2000.0,2500.0,2300.0,1800.0,2300.0,2500.0,2300.0,2500.0,2500.0,2500.0,2700.0,2700.0,2850.0,2600.0,2500.0,2500.0,2400.0,2400.0,2400.0,2500.0,2400.0,2550.0,2450.0,2700.0,2750.0,2650.0,2400.0,2400.0,2600.0,2800.0,2800.0,2800.0,2500.0,2550.0,2675.0,2750.0,2750.0,2700.0,2600.0,2600.0,2500.0,2800.0,2500.0,2800.0,2850.0,2800.0,3000.0,2800.0,2900.0,2695.0,2700.0,2695.0,2750.0,2720.0,2700.0,2900.0,3000.0,2995.0,2900.0,3000.0,2800.0,2800.0,2800.0,2900.0,2800.0,2800.0,2950.0,2950.0,2950.0,2950.0,2850.0,2950.0,3000.0,2995.0,2750.0,2700.0,2750.0,2830.0,2888.0,2906.0,2995.0,3000.0,2980.0,2950.0,2950.0,2800.0,2800.0,2800.0,2800.0,2995.0,2949.0,2800.0,3000.0,3100.0,3200.0,3000.0,2900.0,2880.0,2766.0,2900.0,2900.0,2850.0,2800.0,2950.0,2995.0,3000.0,3162.0,3000.0,3400.0,3223.0,3300.0,3418.0,3250.0,3050.0,3050.0,3231.0,3250.0,3200.0,3097.0,2957.0,2850.0,2750.0,2650.0,2600.0,2663.0,2600.0,2600.0,2680.0,2800.0,2900.0,3000.0,3200.0,3223.0,3206.0,3268.0,3450.0,3400.0,3638.0,3650.0,3835.0,4100.0,4200.0,4300.0,4250.0,4110.0,3995.0,3995.0,3995.0,3950.0,4095.0,4035.0,4100.0,4100.0,4400.0,4363.0,4250.0,4375.0,4275.0,4200.0,4075.0,4000.0,4195.0,4200.0,4000.0,4000.0,4200.0,4400.0,4395.0,4300.0,3995.0,4000.0,4000.0,4200.0,4195.0,4000.0,4185.0,4250.0,4450.0,4460.0,4460.0,4460.0,4490.0,4495.0,4460.0,4495.0,4575.0,4525.0,4450.0,4350.0,4500.0
Prospect Lefferts Gardens,Brooklyn,neighborhood,1795.0,1700.0,1700.0,1700.0,1800.0,1200.0,1100.0,1500.0,1400.0,1250.0,1250.0,1250.0,1400.0,1400.0,1400.0,1400.0,1500.0,1250.0,1150.0,1450.0,1500.0,1500.0,1500.0,1600.0,1600.0,1600.0,1850.0,1900.0,2100.0,1800.0,1800.0,1775.0,1650.0,1650.0,1695.0,1650.0,1475.0,1475.0,1500.0,1950.0,2100.0,2395.0,2200.0,2200.0,1850.0,1850.0,1750.0,1700.0,1750.0,1800.0,1800.0,1900.0,1799.0,1850.0,2000.0,1950.0,2000.0,1700.0,1725.0,1750.0,1750.0,1700.0,1750.0,1750.0,1800.0,1700.0,1695.0,1700.0,1725.0,1900.0,1900.0,1800.0,1850.0,1950.0,1950.0,2000.0,2100.0,2060.0,2150.0,2214.0,2200.0,2200.0,2200.0,2200.0,2195.0,2300.0,2200.0,2200.0,2095.0,2175.0,2200.0,2100.0,2175.0,2123.0,2016.0,2150.0,2000.0,2200.0,2249.0,2350.0,2400.0,2400.0,2495.0,2350.0,2356.0,2275.0,2250.0,2299.0,2250.0,2299.0,2399.0,2375.0,2399.0,2499.0,2399.0,2450.0,2319.0,2399.0,2300.0,2225.0,2400.0,2400.0,2330.0,2400.0,2450.0,2350.0,2350.0,2299.0,2150.0,2149.0,2099.0,2000.0,2000.0,2050.0,1995.0,1995.0,2100.0,2200.0,2399.0,2400.0,2470.0,2400.0,2350.0,2300.0,2299.0,2355.0,2500.0,2500.0,2639.0,2750.0,2985.0,2900.0,2950.0,2895.0,2850.0,2699.0,2850.0,2787.0,2799.0,2800.0,2970.0,3000.0,3000.0,3000.0,3000.0,3000.0,3000.0,2995.0,2899.0,2950.0,2999.0,3050.0,3095.0,3000.0,3000.0,3000.0,2961.0,2850.0,2800.0,2850.0,2950.0,2900.0,2960.0,2999.0,3200.0,3250.0,3199.0,3150.0,3150.0,3149.0,2995.0,3000.0,3000.0,3095.0,3145.0,3150.0,3200.0,3300.0
Prospect Park South,Brooklyn,neighborhood,2400.0,1500.0,2300.0,1500.0,1500.0,1500.0,2300.0,1165.0,1100.0,1995.0,1995.0,2300.0,2300.0,2300.0,1400.0,1950.0,1950.0,1950.0,2650.0,1875.0,1200.0,1125.0,1125.0,1200.0,1550.0,1195.0,1300.0,1400.0,1400.0,2000.0,1400.0,1179.0,1225.0,1675.0,1550.0,1550.0,1650.0,1650.0,1400.0,1400.0,1400.0,1500.0,1450.0,1450.0,1425.0,1700.0,1950.0,1800.0,1700.0,1900.0,2200.0,2200.0,2250.0,2100.0,2100.0,2146.0,2307.0,2300.0,2396.0,2300.0,2150.0,1900.0,2000.0,2000.0,2050.0,1850.0,1895.0,1900.0,1995.0,1950.0,2150.0,2100.0,2095.0,2150.0,2150.0,2199.0,2100.0,2095.0,2100.0,2099.0,2100.0,2200.0,2095.0,1950.0,2000.0,1995.0,1975.0,2095.0,2195.0,2100.0,2000.0,2000.0,2100.0,2000.0,1999.0,2000.0,2100.0,2000.0,1950.0,2150.0,2150.0,2175.0,2100.0,2150.0,2100.0,2075.0,1975.0,2100.0,2150.0,2150.0,2195.0,2200.0,2295.0,2250.0,2250.0,2246.0,2199.0,2154.0,1920.0,2215.0,2195.0,2100.0,2100.0,2250.0,2199.0,2200.0,2200.0,2195.0,2123.0,2095.0,1999.0,1900.0,1920.0,1850.0,1895.0,1895.0,2100.0,2099.0,2250.0,2150.0,2325.0,2195.0,2250.0,2200.0,2250.0,2145.0,2250.0,2300.0,2150.0,2750.0,2750.0,2580.0,2600.0,2450.0,2550.0,2600.0,2574.0,2442.0,2600.0,2500.0,2495.0,2500.0,2600.0,2855.0,2750.0,2795.0,2595.0,2500.0,2704.0,2800.0,2499.0,2500.0,2699.0,2800.0,3000.0,3125.0,3100.0,3000.0,2750.0,2600.0,2650.0,2750.0,2750.0,2700.0,2650.0,2850.0,3350.0,3300.0,2995.0,3000.0,2800.0,2995.0,3074.0,3100.0,3250.0,2999.0,2890.0,2990.0
Queens,Queens,borough,1650.0,1675.0,1700.0,1700.0,1550.0,1550.0,1550.0,1550.0,1550.0,1600.0,1550.0,1550.0,1550.0,1550.0,1650.0,1700.0,1800.0,1850.0,1800.0,1850.0,1900.0,1850.0,1800.0,1850.0,1850.0,2500.0,2500.0,2360.0,2500.0,2500.0,2450.0,2400.0,2200.0,2125.0,2000.0,2000.0,1995.0,2000.0,1950.0,2000.0,2100.0,2101.0,2200.0,2250.0,2300.0,2200.0,2150.0,2100.0,2100.0,2050.0,2000.0,2200.0,2100.0,2300.0,2150.0,2200.0,2150.0,2100.0,2100.0,2100.0,2100.0,2100.0,2100.0,2149.0,2200.0,2200.0,2200.0,2250.0,2200.0,2200.0,2200.0,2200.0,2200.0,2200.0,2200.0,2300.0,2300.0,2350.0,2305.0,2395.0,2300.0,2290.0,2250.0,2250.0,2200.0,2200.0,2200.0,2200.0,2200.0,2249.0,2250.0,2300.0,2260.0,2200.0,2200.0,2200.0,2195.0,2150.0,2200.0,2200.0,2200.0,2200.0,2250.0,2300.0,2295.0,2200.0,2200.0,2150.0,2200.0,2200.0,2200.0,2250.0,2250.0,2300.0,2325.0,2300.0,2300.0,2300.0,2300.0,2250.0,2300.0,2350.0,2350.0,2400.0,2350.0,2344.0,2300.0,2245.0,2200.0,2100.0,2100.0,2045.0,2000.0,2000.0,2000.0,2050.0,2100.0,2195.0,2200.0,2250.0,2250.0,2250.0,2295.0,2300.0,2300.0,2300.0,2335.0,2400.0,2500.0,2600.0,2600.0,2650.0,2700.0,2695.0,2605.0,2600.0,2600.0,2600.0,2650.0,2700.0,2800.0,2850.0,2900.0,2900.0,2950.0,2900.0,2900.0,2930.0,2850.0,2950.0,2995.0,3000.0,3000.0,3100.0,3175.0,3150.0,3050.0,3000.0,3000.0,3000.0,3000.0,3000.0,3000.0,3125.0,3150.0,3210.0,3376.0,3310.0,3246.0,3200.0,3200.0,3200.0,3200.0,3150.0,3125.0,3200.0,3350.0,3350.0
Queens Village,Queens,neighborhood,,,,,,,,,,,,,,,,,,,,,,,,,,,,,,,,,,,,,,,,,,,,,,,,2500.0,2500.0,2500.0,1500.0,1500.0,1500.0,1200.0,1200.0,3600.0,1660.0,1700.0,1660.0,1660.0,1600.0,1500.0,1700.0,1700.0,,1500.0,1650.0,1500.0,1650.0,1650.0,1575.0,1800.0,1800.0,1700.0,1850.0,1900.0,1700.0,1625.0,1995.0,1950.0,1700.0,1850.0,1900.0,1695.0,1695.0,1695.0,1595.0,1700.0,1700.0,1800.0,1800.0,1800.0,1450.0,2099.0,1500.0,1500.0,1795.0,1795.0,1800.0,1775.0,1765.0,1750.0,1750.0,2200.0,2000.0,1700.0,1850.0,1850.0,1800.0,2000.0,2000.0,2000.0,2000.0,2100.0,2100.0,1750.0,1899.0,2200.0,2200.0,2200.0,2350.0,2700.0,2100.0,2300.0,2300.0,2100.0,3200.0,2150.0,2150.0,2500.0,3000.0,2500.0,2075.0,3400.0,1475.0,1475.0,1675.0,2200.0,2500.0,2200.0,2200.0,1950.0,1999.0,2150.0,2200.0,2100.0,1850.0,1900.0,1850.0,1900.0,1900.0,1950.0,1950.0,1900.0,1900.0,1925.0,2000.0,1800.0,1900.0,1650.0,1775.0,1800.0,1895.0,2000.0,2200.0,1950.0,1950.0,2350.0,1850.0,1999.0,2550.0,2800.0,2300.0,2975.0,2450.0,2150.0,1958.0,1958.0,1875.0,1965.0,2150.0,2000.0,2100.0,2050.0,2400.0,2450.0,2595.0,2235.0,2250.0,2100.0,2050.0,2050.0,2050.0,2000.0,2025.0,2325.0,2050.0,2035.0
Red Hook,Brooklyn,neighborhood,2000.0,2000.0,2000.0,2000.0,1500.0,1500.0,2650.0,1450.0,1800.0,1800.0,1750.0,1800.0,1750.0,1650.0,1750.0,1750.0,1750.0,1750.0,1750.0,1750.0,2700.0,2200.0,2200.0,2200.0,1900.0,1900.0,2000.0,2300.0,2300.0,2300.0,2400.0,3100.0,2350.0,2200.0,2200.0,2500.0,2500.0,2500.0,2600.0,2500.0,2500.0,2500.0,2500.0,2400.0,2950.0,2695.0,2450.0,2400.0,2600.0,2695.0,2695.0,2900.0,3000.0,3000.0,2650.0,2650.0,2800.0,2500.0,2700.0,2700.0,2800.0,2400.0,2500.0,2500.0,2500.0,2500.0,2406.0,2300.0,2250.0,2700.0,2815.0,3000.0,3000.0,3200.0,3000.0,3000.0,2899.0,2800.0,2950.0,3000.0,3000.0,2700.0,2695.0,2450.0,2750.0,2704.0,3000.0,2699.0,2699.0,2700.0,2750.0,2800.0,2700.0,2800.0,2800.0,2800.0,2600.0,2700.0,2800.0,2699.0,2800.0,2800.0,2650.0,2600.0,2700.0,2500.0,2700.0,2800.0,2625.0,2800.0,2800.0,2700.0,2700.0,2950.0,2700.0,2750.0,2800.0,2799.0,2700.0,2700.0,2500.0,2750.0,2750.0,2500.0,2900.0,3000.0,2700.0,2700.0,2500.0,2200.0,2400.0,2650.0,2500.0,2500.0,2500.0,2350.0,2500.0,2475.0,2250.0,2200.0,2100.0,3000.0,3150.0,2856.0,2900.0,2500.0,2900.0,2850.0,3000.0,3000.0,3795.0,3575.0,3500.0,3000.0,3000.0,3000.0,3300.0,3500.0,3500.0,3600.0,3400.0,3300.0,3000.0,3200.0,3750.0,3995.0,3975.0,3500.0,3800.0,3800.0,3750.0,3750.0,4250.0,3900.0,4650.0,3740.0,3600.0,3500.0,3700.0,3500.0,3499.0,3250.0,3500.0,3300.0,3300.0,3500.0,4500.0,4250.0,4495.0,4495.0,4166.0,4500.0,4500.0,5000.0,4150.0,3899.0,3975.0,4300.0
Rego Park,Queens,neighborhood,1450.0,1450.0,1500.0,1300.0,1700.0,1800.0,1635.0,1500.0,1350.0,1350.0,1400.0,1399.0,1500.0,1495.0,1500.0,1585.0,1700.0,1685.0,1600.0,1500.0,1550.0,1625.0,1595.0,1525.0,1595.0,1550.0,1500.0,1450.0,1500.0,1525.0,1525.0,1495.0,1480.0,1500.0,1500.0,1500.0,1600.0,1600.0,1600.0,1575.0,1450.0,1550.0,1800.0,1650.0,1700.0,1800.0,1708.0,1700.0,1708.0,1800.0,1775.0,1725.0,1725.0,1725.0,1750.0,1800.0,1850.0,1850.0,1850.0,1975.0,1900.0,1900.0,1900.0,1875.0,1875.0,1950.0,2000.0,2000.0,2100.0,2100.0,2100.0,2100.0,2100.0,2175.0,2100.0,2000.0,2100.0,2000.0,2100.0,2100.0,2199.0,2050.0,2150.0,2100.0,2050.0,2050.0,1950.0,1900.0,1900.0,1900.0,1900.0,2100.0,2000.0,2050.0,2040.0,2000.0,2100.0,2000.0,2049.0,2095.0,2000.0,1975.0,2100.0,2150.0,2150.0,2150.0,2025.0,2050.0,2000.0,2057.0,2150.0,2100.0,1950.0,2111.0,2175.0,2150.0,2200.0,2045.0,2150.0,2101.0,2195.0,2080.0,2100.0,2100.0,2100.0,2100.0,1995.0,1965.0,1995.0,1925.0,1950.0,1935.0,2000.0,1970.0,1850.0,1950.0,1975.0,2000.0,2100.0,1950.0,2000.0,2000.0,2075.0,2200.0,2200.0,2050.0,1995.0,1950.0,2041.0,2150.0,2297.0,2400.0,2350.0,2500.0,2400.0,2250.0,2357.0,2500.0,2500.0,2500.0,2450.0,2528.0,2450.0,2700.0,2806.0,2850.0,2650.0,2825.0,2935.0,2995.0,3075.0,3050.0,2900.0,2995.0,2995.0,2800.0,2938.0,2850.0,2750.0,2800.0,2825.0,2800.0,2750.0,2711.0,2550.0,2750.0,3100.0,3123.0,3000.0,3150.0,3067.0,3150.0,3000.0,3000.0,3150.0,3100.0,3250.0,3260.0
Richmond Hill,Queens,neighborhood,,,,,,,,,1000.0,1000.0,,1200.0,1200.0,1200.0,1050.0,1200.0,1425.0,1200.0,1195.0,1225.0,1225.0,1225.0,1600.0,,1250.0,1250.0,1250.0,1250.0,,,1285.0,1295.0,1295.0,1450.0,1300.0,1300.0,1450.0,1650.0,1650.0,,1300.0,1350.0,1225.0,1225.0,1400.0,1695.0,1500.0,1500.0,1500.0,1600.0,1295.0,1345.0,1325.0,1325.0,1345.0,1345.0,1250.0,1200.0,1350.0,1350.0,1400.0,1500.0,1600.0,1550.0,1450.0,1600.0,1600.0,1600.0,1550.0,1675.0,1500.0,1500.0,1450.0,1450.0,1900.0,1550.0,1550.0,1500.0,1650.0,1450.0,1475.0,1475.0,1400.0,1550.0,1650.0,1675.0,1650.0,1525.0,1850.0,1699.0,1699.0,1800.0,1695.0,1700.0,1550.0,1495.0,1600.0,1500.0,2100.0,1775.0,1600.0,1595.0,1850.0,1900.0,1900.0,1850.0,1650.0,1650.0,1788.0,1625.0,1750.0,1950.0,1675.0,1675.0,1675.0,1695.0,1675.0,1675.0,2095.0,1850.0,1850.0,1850.0,2199.0,1800.0,1900.0,1900.0,1700.0,1700.0,1700.0,1675.0,2100.0,1725.0,1900.0,1900.0,1900.0,1888.0,1725.0,1725.0,1900.0,1850.0,1695.0,1700.0,1695.0,1800.0,2150.0,1700.0,1700.0,1725.0,1800.0,1850.0,1800.0,1800.0,2100.0,2100.0,2200.0,2075.0,2000.0,1800.0,1800.0,1750.0,2200.0,2200.0,2195.0,2200.0,2200.0,1850.0,1900.0,2100.0,2250.0,1900.0,2000.0,1850.0,1825.0,1950.0,2000.0,1975.0,2200.0,1900.0,2200.0,2700.0,2575.0,2795.0,2350.0,2200.0,2250.0,2400.0,2195.0,2199.0,2100.0,2150.0,2175.0,2200.0,1995.0,2000.0,2250.0,2100.0,2095.0,2150.0
Ridgewood,Queens,neighborhood,1490.0,1490.0,1800.0,1800.0,1800.0,,1400.0,1400.0,1250.0,1600.0,1600.0,1500.0,1500.0,1500.0,1299.0,1450.0,1450.0,1500.0,1500.0,1500.0,1550.0,1500.0,1500.0,1400.0,1350.0,2915.0,2915.0,2760.0,2000.0,2650.0,2567.0,2613.0,1600.0,2625.0,2531.0,2399.0,2450.0,2399.0,2399.0,2292.0,2100.0,1800.0,1999.0,1900.0,1700.0,2600.0,2600.0,2600.0,2400.0,1999.0,2100.0,2000.0,2300.0,2050.0,2100.0,2300.0,2350.0,2200.0,2200.0,2200.0,2200.0,2300.0,2300.0,2300.0,2500.0,2450.0,2400.0,2400.0,2350.0,2300.0,2295.0,2300.0,2300.0,2500.0,2450.0,2575.0,2650.0,2550.0,2550.0,2500.0,2500.0,2395.0,2400.0,2400.0,2500.0,2499.0,2575.0,2500.0,2503.0,2600.0,2650.0,2517.0,2449.0,2320.0,2295.0,2400.0,2400.0,2475.0,2490.0,2500.0,2588.0,2550.0,2600.0,2600.0,2500.0,2500.0,2499.0,2400.0,2375.0,2350.0,2400.0,2500.0,2600.0,2683.0,2700.0,2700.0,2550.0,2500.0,2498.0,2400.0,2520.0,2500.0,2475.0,2500.0,2595.0,2585.0,2500.0,2476.0,2400.0,2295.0,2275.0,2250.0,2250.0,2200.0,2200.0,2200.0,2291.0,2399.0,2500.0,2595.0,2595.0,2499.0,2570.0,2550.0,2500.0,2600.0,2675.0,2775.0,2900.0,3044.0,3044.0,3395.0,3250.0,3275.0,3199.0,3099.0,2900.0,2950.0,2950.0,3000.0,3000.0,3100.0,3200.0,3100.0,3300.0,3200.0,3000.0,3150.0,3100.0,3000.0,3199.0,3200.0,3395.0,3400.0,3300.0,3300.0,3300.0,3195.0,3105.0,3200.0,3000.0,3000.0,3190.0,3200.0,3399.0,3400.0,3500.0,3400.0,3199.0,3300.0,3250.0,3350.0,3195.0,3200.0,3399.0,3599.0,3775.0,3799.0
Riverdale,Bronx,neighborhood,1950.0,1950.0,1800.0,1900.0,1995.0,2200.0,2500.0,2750.0,2400.0,1995.0,2000.0,2000.0,1700.0,1600.0,1800.0,1895.0,1850.0,2000.0,1825.0,1750.0,1750.0,1750.0,1750.0,1695.0,1750.0,1850.0,1835.0,1950.0,1800.0,1750.0,1800.0,1800.0,2095.0,1950.0,1850.0,1800.0,1800.0,1795.0,1800.0,1850.0,1900.0,1875.0,1863.0,2075.0,2200.0,2100.0,2100.0,2000.0,1950.0,1950.0,2075.0,2050.0,2050.0,2100.0,2200.0,2108.0,2108.0,2100.0,2050.0,2100.0,2150.0,2200.0,2100.0,2100.0,2026.0,2100.0,2200.0,2300.0,2100.0,2100.0,2150.0,2200.0,2050.0,1995.0,2000.0,2000.0,2200.0,2150.0,2200.0,2250.0,2300.0,2100.0,2200.0,2200.0,2015.0,2000.0,2050.0,2100.0,2100.0,2195.0,2300.0,2195.0,2150.0,2100.0,2000.0,2110.0,2150.0,2200.0,2300.0,2400.0,2300.0,2350.0,2250.0,2200.0,2200.0,2150.0,2199.0,2300.0,2266.0,2250.0,2200.0,2200.0,2175.0,2200.0,2295.0,2335.0,2295.0,2300.0,2300.0,2300.0,2300.0,2399.0,2400.0,2500.0,2374.0,2326.0,2450.0,2450.0,2475.0,2400.0,2300.0,2200.0,2300.0,2423.0,2250.0,2215.0,2300.0,2395.0,2400.0,2499.0,2500.0,2595.0,2500.0,2330.0,2395.0,2450.0,2464.0,2400.0,2550.0,2800.0,2550.0,2550.0,2850.0,2700.0,2700.0,2595.0,2590.0,2550.0,2500.0,2600.0,2600.0,2700.0,2795.0,2750.0,2850.0,2795.0,2800.0,2700.0,2795.0,2800.0,2725.0,2750.0,2750.0,2800.0,2700.0,2700.0,2800.0,2950.0,2900.0,2900.0,2900.0,2825.0,2995.0,2995.0,3050.0,3033.0,3250.0,3350.0,3100.0,3000.0,3200.0,3158.0,3100.0,3200.0,3325.0,2865.0,2975.0,3100.0
Rockaway All,Queens,neighborhood,1700.0,1700.0,1700.0,1700.0,1700.0,,,,,1500.0,1500.0,1000.0,1000.0,1790.0,1790.0,1790.0,1790.0,1650.0,1000.0,1650.0,1650.0,1000.0,1200.0,1200.0,1350.0,1350.0,1350.0,1150.0,1300.0,1300.0,1300.0,1200.0,1300.0,1300.0,1300.0,,,1329.0,1329.0,1329.0,1400.0,1400.0,1500.0,1399.0,1399.0,1399.0,1399.0,1399.0,1282.0,1300.0,1300.0,1300.0,1350.0,1375.0,1455.0,1658.0,1550.0,1575.0,1600.0,1530.0,1550.0,1575.0,1530.0,1475.0,1550.0,1550.0,1530.0,1550.0,1475.0,1450.0,1625.0,1399.0,1425.0,1575.0,1465.0,1500.0,1950.0,1850.0,1850.0,1900.0,1900.0,1900.0,1900.0,1800.0,1800.0,1800.0,1800.0,1724.0,1769.0,1800.0,1795.0,1699.0,1775.0,1750.0,1895.0,1875.0,1800.0,1750.0,2300.0,2300.0,1875.0,1899.0,2125.0,1900.0,1850.0,1850.0,2000.0,1949.0,1849.0,1890.0,1850.0,1995.0,1850.0,2050.0,2050.0,2099.0,1999.0,2000.0,1995.0,1999.0,1884.0,1825.0,1800.0,1799.0,1997.0,1850.0,1900.0,1800.0,1800.0,1900.0,1900.0,2099.0,1799.0,1791.0,1649.0,1900.0,1970.0,1997.0,1998.0,2150.0,2200.0,2200.0,2149.0,1995.0,1995.0,2200.0,2000.0,2350.0,2299.0,2399.0,2200.0,2500.0,2500.0,2600.0,2305.0,2324.0,2450.0,2550.0,2450.0,2450.0,2400.0,2550.0,2395.0,2450.0,2599.0,2600.0,2599.0,2500.0,2599.0,2450.0,2500.0,2900.0,2600.0,2599.0,2599.0,2499.0,2563.0,2500.0,2479.0,2399.0,2200.0,2500.0,2600.0,2999.0,2699.0,2599.0,2899.0,2599.0,2400.0,2300.0,2599.0,2599.0,2499.0,2500.0,2580.0,2400.0,2800.0,2600.0
Roosevelt Island,Manhattan,neighborhood,2500.0,2500.0,2300.0,2500.0,2500.0,2495.0,2681.0,2695.0,2625.0,2950.0,2595.0,2325.0,2300.0,2325.0,2377.0,2425.0,2775.0,2625.0,2775.0,2795.0,2795.0,2925.0,2850.0,2895.0,2895.0,2895.0,3350.0,3025.0,3095.0,3095.0,3000.0,3000.0,2850.0,2995.0,2750.0,2995.0,2900.0,3075.0,3075.0,3095.0,3175.0,3150.0,3250.0,3250.0,3275.0,2795.0,2795.0,2895.0,3195.0,3195.0,3300.0,3255.0,3395.0,3350.0,3225.0,3375.0,3100.0,3095.0,2995.0,3295.0,3010.0,3300.0,3140.0,3425.0,3310.0,3455.0,3395.0,3630.0,3250.0,3125.0,2995.0,3140.0,3150.0,3320.0,3505.0,3100.0,3665.0,3425.0,3390.0,3145.0,3330.0,3100.0,3195.0,3405.0,3195.0,3209.0,2940.0,3400.0,3250.0,3325.0,3315.0,3005.0,2905.0,2985.0,2895.0,2980.0,2950.0,3215.0,3250.0,2995.0,3285.0,3300.0,3450.0,3600.0,3415.0,3250.0,3277.0,3277.0,3400.0,3203.0,3240.0,3295.0,3345.0,3560.0,3595.0,3550.0,3600.0,3600.0,4200.0,3675.0,3415.0,3415.0,3190.0,3433.0,3395.0,3221.0,3375.0,3375.0,3400.0,3295.0,3320.0,3175.0,3040.0,3040.0,2875.0,2986.0,3014.0,3025.0,3465.0,3510.0,3217.0,3495.0,3552.0,3850.0,3700.0,3755.0,3495.0,3898.0,3850.0,4317.0,4000.0,4505.0,4200.0,4055.0,4395.0,4089.0,4050.0,4095.0,4095.0,3950.0,4195.0,4144.0,4195.0,4215.0,4130.0,4171.0,4050.0,4050.0,4050.0,4050.0,3995.0,4375.0,4357.0,4575.0,4640.0,4550.0,4390.0,4300.0,4175.0,4195.0,4300.0,4315.0,4422.0,4425.0,4150.0,4250.0,4325.0,4365.0,4650.0,4750.0,4545.0,4400.0,4345.0,4220.0,4400.0,4550.0,4550.0,4550.0
Rosedale,Queens,neighborhood,,,,,,,,,,,,,,,,,,,,,,,,,,,1300.0,1300.0,1300.0,,,1000.0,1000.0,,,,,,,,,,,,,,1700.0,1325.0,1325.0,1275.0,1325.0,1325.0,,1750.0,1750.0,1750.0,,1350.0,1350.0,1700.0,,,,,,1200.0,2000.0,2000.0,2000.0,1900.0,2100.0,2000.0,2000.0,2000.0,2000.0,2000.0,2000.0,,2000.0,2000.0,2250.0,2000.0,1800.0,1600.0,2000.0,2000.0,2000.0,1500.0,2000.0,2000.0,2150.0,2100.0,1950.0,1950.0,2200.0,2200.0,2200.0,,2000.0,2000.0,,2500.0,2500.0,2500.0,2500.0,2300.0,2300.0,2100.0,2300.0,2000.0,1625.0,2300.0,2500.0,2400.0,2300.0,1600.0,1500.0,1600.0,,2500.0,2500.0,,,2500.0,2500.0,2500.0,2399.0,,,2300.0,2300.0,1900.0,1900.0,,2300.0,2200.0,1400.0,1400.0,2700.0,2700.0,,2650.0,2400.0,2500.0,2400.0,1200.0,,,,,2700.0,2800.0,2800.0,2550.0,2700.0,2500.0,2900.0,3000.0,3000.0,1900.0,2500.0,2300.0,2300.0,1295.0,2200.0,1850.0,,,3600.0,3500.0,3350.0,3350.0,3450.0,3650.0,3350.0,3350.0,3350.0,3300.0,3200.0,3200.0,3200.0,2885.0,3200.0,3400.0,3200.0,3400.0,,,,3300.0,3600.0,4200.0,,,4300.0,4300.0,1790.0,1790.0
Schuylerville,Bronx,neighborhood,1850.0,1850.0,1850.0,1850.0,,,,,,,,,,,,,,,,,,,,,,,,,,,,,3495.0,1700.0,1600.0,1550.0,1550.0,,,,1100.0,1100.0,17500.0,1750.0,1750.0,,,,,,,,,,,1450.0,1450.0,,1700.0,2100.0,1700.0,1125.0,2050.0,1295.0,1295.0,2600.0,2600.0,2399.0,1995.0,2100.0,2100.0,2100.0,2100.0,2200.0,1700.0,2100.0,2150.0,1700.0,1700.0,3000.0,2500.0,2500.0,1700.0,2000.0,1900.0,1900.0,2200.0,2200.0,2400.0,2000.0,2000.0,1450.0,2300.0,1800.0,1800.0,1800.0,1350.0,1650.0,,1675.0,1675.0,1595.0,2350.0,2200.0,2200.0,2050.0,2300.0,2300.0,2300.0,2300.0,2500.0,2300.0,2500.0,2400.0,2400.0,2400.0,2200.0,2200.0,2200.0,2200.0,1800.0,1900.0,1400.0,2800.0,2600.0,2600.0,1950.0,1950.0,2100.0,1850.0,1650.0,1650.0,2500.0,1825.0,1825.0,2400.0,1800.0,2300.0,2500.0,2300.0,2300.0,1550.0,1550.0,2350.0,,2199.0,1650.0,1650.0,1450.0,2000.0,2000.0,2100.0,2495.0,2800.0,2800.0,2800.0,1650.0,2400.0,3000.0,2400.0,2400.0,1598.0,,2275.0,1650.0,2275.0,1985.0,2250.0,1599.0,,,2600.0,1550.0,1550.0,1550.0,3000.0,2595.0,,1725.0,2696.0,1775.0,3465.0,1700.0,1700.0,1700.0,1700.0,4095.0,2200.0,3990.0,2800.0,2850.0,2075.0,2075.0,3100.0,3400.0,3400.0,,
Seagate,Brooklyn,neighborhood,,,,,,,,,,,,,,,,,,,,,,,,,,,,,,,,,,,,,,2000.0,2000.0,2000.0,1625.0,1625.0,1500.0,1500.0,,,,,,,,1400.0,1400.0,,,,,,,,,,,,,,,,1800.0,3800.0,3750.0,1450.0,,,,1700.0,1700.0,2100.0,2100.0,2500.0,1999.0,1800.0,1800.0,1800.0,1800.0,,1795.0,1795.0,1800.0,1800.0,1800.0,,2199.0,1995.0,1799.0,1799.0,4000.0,1950.0,1600.0,2300.0,2300.0,1995.0,1995.0,,1700.0,2250.0,1700.0,2245.0,1800.0,,,,1650.0,1350.0,2500.0,1799.0,,,,,3500.0,3000.0,3500.0,,1350.0,1350.0,1700.0,,,2800.0,1350.0,2750.0,2750.0,,2500.0,2699.0,2099.0,2099.0,2300.0,2200.0,2300.0,2200.0,2200.0,2200.0,2295.0,,,,,2100.0,1425.0,1950.0,2550.0,2250.0,2550.0,2550.0,2800.0,2950.0,2100.0,,,,2800.0,2800.0,2500.0,2500.0,2500.0,3000.0,2800.0,5500.0,2750.0,2850.0,2825.0,3200.0,3200.0,3200.0,2150.0,2150.0,1900.0,3000.0,2400.0,,,2400.0,2250.0,1850.0,1850.0,,2600.0,,,,,,1800.0,,2400.0,3995.0
Sheepshead Bay,Brooklyn,neighborhood,1400.0,1200.0,1200.0,1250.0,1750.0,1725.0,1300.0,1300.0,1400.0,1500.0,2300.0,2350.0,2200.0,1525.0,1350.0,1350.0,1400.0,1425.0,1400.0,1500.0,1600.0,1500.0,1400.0,1450.0,1500.0,1500.0,1500.0,1550.0,1500.0,1300.0,1495.0,1495.0,1400.0,1400.0,1400.0,1400.0,1400.0,1500.0,1500.0,1500.0,1500.0,1600.0,1600.0,1700.0,1700.0,1600.0,1700.0,1700.0,1700.0,1604.0,1600.0,1600.0,1600.0,1600.0,1600.0,1695.0,1650.0,1595.0,1700.0,1700.0,1700.0,1625.0,1650.0,1650.0,1650.0,1595.0,1600.0,1600.0,1695.0,1750.0,1750.0,1700.0,1750.0,1800.0,1800.0,1850.0,1900.0,1800.0,1800.0,1750.0,1800.0,1790.0,1790.0,1790.0,1850.0,1950.0,1900.0,1900.0,1899.0,1850.0,1800.0,1900.0,1850.0,1725.0,1849.0,1900.0,1950.0,1890.0,1850.0,1890.0,1900.0,1875.0,1850.0,1900.0,1995.0,1795.0,1750.0,1775.0,1750.0,1750.0,1800.0,1800.0,1950.0,1850.0,1870.0,2000.0,1998.0,1845.0,1950.0,1950.0,2190.0,1900.0,1849.0,2269.0,2000.0,2063.0,2000.0,2062.0,1850.0,1850.0,1850.0,1900.0,1863.0,1900.0,1900.0,1800.0,1825.0,1825.0,1825.0,1875.0,1975.0,2000.0,1900.0,1890.0,1895.0,1975.0,1950.0,1900.0,2100.0,2100.0,2400.0,2300.0,2395.0,2350.0,2500.0,2550.0,2386.0,2600.0,2700.0,2500.0,2600.0,2550.0,2500.0,2995.0,2995.0,2757.0,2800.0,3000.0,2800.0,2750.0,2600.0,2750.0,2655.0,2699.0,2600.0,2600.0,2600.0,2775.0,2947.0,2750.0,2799.0,2750.0,2700.0,2699.0,2600.0,2599.0,2700.0,2790.0,2775.0,2500.0,2938.0,3000.0,2900.0,2875.0,2999.0,3100.0,3049.0,2958.0
Soho,Manhattan,neighborhood,5000.0,5000.0,5000.0,4500.0,3800.0,3800.0,3945.0,4000.0,5995.0,7000.0,7000.0,7100.0,5100.0,6500.0,6000.0,6400.0,6200.0,4850.0,4200.0,4200.0,5895.0,6900.0,6500.0,5850.0,5700.0,5200.0,5500.0,5500.0,5595.0,4400.0,3995.0,4500.0,5450.0,6500.0,6000.0,5500.0,5800.0,4500.0,4500.0,5300.0,4500.0,4500.0,3800.0,4400.0,4200.0,4125.0,4500.0,4900.0,5100.0,4500.0,4900.0,4700.0,4500.0,4000.0,4000.0,3895.0,4200.0,4750.0,4700.0,4400.0,4500.0,4500.0,4624.0,4900.0,5250.0,4900.0,4500.0,4595.0,5500.0,6200.0,5500.0,5250.0,4995.0,3995.0,4750.0,5040.0,4999.0,4990.0,5000.0,4790.0,5500.0,5700.0,5995.0,5595.0,4995.0,4995.0,4700.0,4850.0,4795.0,4615.0,5199.0,5010.0,5000.0,5295.0,5700.0,6020.0,5300.0,5950.0,5495.0,5000.0,4995.0,4500.0,4995.0,5500.0,5500.0,5300.0,5500.0,5778.0,6000.0,5700.0,4650.0,4829.0,5150.0,5000.0,5100.0,5395.0,5395.0,5195.0,6500.0,6000.0,4995.0,4500.0,5531.0,5200.0,4495.0,4350.0,4295.0,4124.0,4167.0,3997.0,4151.0,4000.0,3695.0,3992.0,3700.0,3895.0,4100.0,4500.0,4500.0,5500.0,5700.0,6800.0,6500.0,5995.0,6150.0,5500.0,6000.0,6500.0,5700.0,5295.0,5400.0,6000.0,7200.0,6500.0,6900.0,6995.0,6500.0,6300.0,6250.0,6650.0,5795.0,5995.0,6000.0,6495.0,8100.0,7300.0,7200.0,7675.0,8250.0,7495.0,7400.0,7595.0,7450.0,6499.0,6200.0,5499.0,6350.0,8000.0,8500.0,7995.0,6995.0,7400.0,7200.0,6000.0,5900.0,6100.0,6795.0,6200.0,6225.0,8000.0,8500.0,10950.0,9100.0,7500.0,8495.0,7500.0,7000.0,6250.0
Soundview,Bronx,neighborhood,,,,,,,,,,,,,,,1200.0,1200.0,1400.0,1400.0,1400.0,1500.0,1500.0,1500.0,1500.0,1500.0,,,,,,1500.0,1500.0,1550.0,1250.0,1075.0,1125.0,1800.0,1650.0,1800.0,1800.0,,1200.0,1200.0,1400.0,1450.0,1700.0,1100.0,1000.0,1000.0,1000.0,1300.0,1300.0,1300.0,1400.0,1400.0,1149.0,1150.0,1200.0,1200.0,1200.0,1400.0,1395.0,1395.0,1400.0,1395.0,1450.0,1375.0,1350.0,1250.0,1280.0,1475.0,1500.0,1800.0,1750.0,1550.0,1800.0,1850.0,1730.0,1825.0,1606.0,1600.0,1600.0,1584.0,1584.0,1650.0,1700.0,1700.0,1700.0,1700.0,1749.0,1750.0,1700.0,1700.0,1650.0,1675.0,1550.0,1750.0,1575.0,1675.0,1650.0,1850.0,2025.0,2025.0,2000.0,1800.0,2100.0,1895.0,1849.0,1650.0,1650.0,1775.0,1950.0,2025.0,1947.0,1850.0,1500.0,1600.0,1750.0,1850.0,1969.0,1895.0,2250.0,2300.0,2000.0,2000.0,1895.0,1699.0,1850.0,2100.0,1660.0,1862.0,1862.0,1800.0,1900.0,2021.0,2021.0,2021.0,2000.0,1599.0,2095.0,1900.0,1850.0,1950.0,2100.0,2100.0,2025.0,1791.0,1650.0,1740.0,2100.0,2050.0,1831.0,2500.0,2650.0,2350.0,1750.0,1500.0,2400.0,1650.0,2499.0,1950.0,2500.0,1900.0,1750.0,2150.0,2150.0,1878.0,1878.0,2000.0,2000.0,2500.0,2150.0,2345.0,3000.0,2800.0,1888.0,2600.0,3595.0,3500.0,2475.0,2100.0,3100.0,2400.0,2696.0,2350.0,2200.0,1750.0,3643.0,1750.0,2364.0,2308.0,2887.0,3000.0,2500.0,2606.0,2600.0,2600.0,2606.0,2624.0
South Jamaica,Queens,neighborhood,,,,,,,,,,,,,,,,,,,,,,,,,,,,,1800.0,1800.0,1800.0,,,,,,,1450.0,1450.0,1550.0,1550.0,1550.0,1550.0,1550.0,1550.0,1550.0,1550.0,,1750.0,1750.0,1750.0,1750.0,1750.0,1750.0,,,,1200.0,1200.0,1800.0,1800.0,1800.0,,1650.0,1800.0,,,,2100.0,1750.0,1700.0,1700.0,,1550.0,1550.0,,,2500.0,,,,,1650.0,1700.0,1550.0,1550.0,1550.0,,3600.0,3600.0,2600.0,,1975.0,2177.0,2499.0,,2100.0,2400.0,2100.0,2100.0,1850.0,1850.0,2300.0,2300.0,1400.0,1200.0,2150.0,2300.0,1899.0,2000.0,1800.0,1399.0,2300.0,1700.0,1750.0,2500.0,1775.0,1650.0,1875.0,1400.0,2000.0,2300.0,2550.0,2550.0,2500.0,1650.0,2550.0,2550.0,,,1450.0,1800.0,1450.0,1950.0,,,2000.0,1475.0,1475.0,,1500.0,1495.0,1550.0,1899.0,1495.0,2500.0,2800.0,2500.0,2200.0,2100.0,2100.0,3500.0,2300.0,2350.0,2400.0,2500.0,2550.0,1600.0,2750.0,2750.0,1750.0,1800.0,1525.0,2300.0,2250.0,1750.0,2400.0,2400.0,2500.0,2500.0,3500.0,2800.0,2800.0,2800.0,3000.0,2800.0,2800.0,1700.0,1699.0,1850.0,1750.0,1700.0,2400.0,3400.0,3200.0,3300.0,3499.0,2999.0,2999.0,2899.0,1950.0,2600.0,2500.0,2600.0,3299.0,3299.0,2899.0,2799.0
South Ozone Park,Queens,neighborhood,,,,,1500.0,1500.0,1500.0,,,,,,,,,,,,,,,,,,1250.0,1250.0,1250.0,,,,900.0,900.0,,,,,,,,,,,1850.0,1850.0,1850.0,1400.0,2995.0,3000.0,3000.0,2500.0,2500.0,2500.0,2500.0,2500.0,2500.0,1450.0,1450.0,,,1700.0,1500.0,1500.0,1750.0,1750.0,1750.0,1550.0,1550.0,1550.0,1550.0,2000.0,,,1150.0,1395.0,1395.0,1700.0,,,,,,,,,,1900.0,1900.0,2450.0,1600.0,1650.0,2500.0,1450.0,1500.0,2000.0,1850.0,1350.0,1350.0,1550.0,1550.0,1350.0,3000.0,1850.0,3000.0,2200.0,,,2400.0,2300.0,2300.0,,1600.0,1200.0,2100.0,1850.0,1900.0,1800.0,2600.0,2150.0,2000.0,1900.0,1900.0,2000.0,1900.0,1900.0,1400.0,1400.0,1400.0,2000.0,2300.0,2500.0,2000.0,2100.0,1999.0,1500.0,1900.0,2000.0,2000.0,1900.0,2050.0,2100.0,2000.0,2050.0,2550.0,2500.0,2550.0,2550.0,2200.0,2550.0,2550.0,3750.0,2200.0,2500.0,2800.0,4000.0,2400.0,1950.0,1500.0,2500.0,2400.0,2400.0,2400.0,2100.0,3000.0,3000.0,3000.0,3000.0,2800.0,2400.0,2400.0,2400.0,2400.0,3000.0,3900.0,3400.0,2600.0,2900.0,2800.0,2750.0,2000.0,2750.0,2700.0,2000.0,1850.0,,,3600.0,3300.0,3300.0,3000.0,2800.0,2350.0,2350.0,2500.0,2500.0,,3200.0,3200.0,3100.0
South Richmond Hill,Queens,neighborhood,,,,,,,,,,1450.0,1450.0,1450.0,1450.0,1450.0,1450.0,1300.0,1300.0,1195.0,1200.0,1450.0,,,,,850.0,800.0,,,,,1370.0,1370.0,1370.0,1370.0,1370.0,1370.0,,,,1425.0,1425.0,1325.0,1325.0,1325.0,1325.0,1325.0,1395.0,1380.0,1380.0,1265.0,1265.0,1650.0,1445.0,1445.0,1495.0,1650.0,,1495.0,1250.0,1125.0,1300.0,1325.0,2000.0,1900.0,1900.0,2400.0,2400.0,,,1400.0,1400.0,1350.0,1495.0,1495.0,2000.0,2100.0,2000.0,1400.0,2100.0,2100.0,1750.0,1650.0,1405.0,1405.0,1360.0,1550.0,1400.0,2200.0,1800.0,1700.0,1850.0,1900.0,1900.0,1850.0,1850.0,1750.0,1750.0,2100.0,2000.0,1800.0,1750.0,1750.0,1604.0,1558.0,2350.0,2100.0,1550.0,1800.0,1800.0,1900.0,1750.0,1650.0,2100.0,1825.0,1825.0,1564.0,2500.0,2400.0,2300.0,2300.0,2250.0,1900.0,1900.0,1800.0,2200.0,2200.0,1550.0,2700.0,1725.0,1725.0,1725.0,1800.0,2100.0,2100.0,1850.0,1741.0,1700.0,1800.0,1750.0,1700.0,2400.0,2300.0,2295.0,2295.0,1900.0,1900.0,2040.0,2200.0,2200.0,2300.0,2200.0,2200.0,1600.0,1900.0,2200.0,2200.0,1850.0,1850.0,2250.0,2650.0,2200.0,1799.0,2200.0,2200.0,2230.0,1950.0,1850.0,2100.0,2700.0,2800.0,2600.0,2200.0,2200.0,2300.0,2300.0,2200.0,1570.0,1950.0,1950.0,3500.0,2200.0,2149.0,2000.0,2500.0,2000.0,1699.0,2100.0,2100.0,1995.0,2772.0,1799.0,1900.0,2599.0,1899.0,1899.0,3400.0,1850.0,1900.0
Springfield Gardens,Queens,neighborhood,,,,,,,,,,,,1895.0,1895.0,1700.0,1700.0,1700.0,1700.0,1700.0,1895.0,1550.0,1550.0,1550.0,1600.0,1500.0,1500.0,1500.0,,,,1450.0,1400.0,1450.0,,,,,,,1400.0,1400.0,,,,,,,1600.0,1600.0,1850.0,1850.0,1850.0,,,1600.0,1600.0,,,,,,1800.0,,,,,,,,,,,,2100.0,,,,,1800.0,1800.0,1695.0,1675.0,1675.0,2300.0,2300.0,1200.0,1200.0,1900.0,2500.0,2350.0,2350.0,1700.0,2450.0,2450.0,2300.0,1600.0,2100.0,1600.0,1600.0,1275.0,2500.0,2400.0,2250.0,2100.0,2100.0,2045.0,1900.0,1900.0,1850.0,2299.0,2399.0,2000.0,2000.0,1800.0,1399.0,2200.0,2500.0,2550.0,2100.0,2150.0,2350.0,2150.0,2150.0,2200.0,2499.0,2499.0,2000.0,2000.0,1999.0,2300.0,1200.0,2100.0,2300.0,2100.0,2500.0,2395.0,2500.0,2400.0,2400.0,2400.0,2500.0,1650.0,1650.0,2400.0,2399.0,2399.0,,2950.0,1300.0,1800.0,2900.0,2499.0,2950.0,1350.0,1350.0,3000.0,3000.0,2900.0,2400.0,2600.0,2400.0,1800.0,2800.0,,3200.0,2800.0,2800.0,2800.0,2800.0,3000.0,3000.0,3199.0,3199.0,3000.0,3000.0,3300.0,3300.0,3600.0,3299.0,3777.0,3464.0,3777.0,2800.0,3777.0,3000.0,3200.0,2500.0,2595.0,2495.0,2975.0,2700.0,2800.0,3200.0,3500.0,3600.0,3200.0,2999.0,3499.0,3100.0
St. Albans,Queens,neighborhood,,,,,,,,,,,,,,,,,1200.0,1200.0,1200.0,1200.0,,,,2200.0,2200.0,2200.0,1700.0,1700.0,1700.0,1700.0,1700.0,1350.0,1450.0,1500.0,1500.0,1650.0,1500.0,1400.0,1300.0,1500.0,1500.0,,,1550.0,1550.0,1550.0,1550.0,,,1600.0,1100.0,1000.0,1125.0,1050.0,1025.0,1950.0,1950.0,1425.0,1150.0,1295.0,1295.0,1950.0,2100.0,2100.0,2100.0,,1650.0,1350.0,1350.0,1300.0,1800.0,1500.0,1500.0,1500.0,1500.0,3000.0,1500.0,3000.0,2750.0,1175.0,2750.0,2450.0,2450.0,2750.0,1750.0,1750.0,2300.0,2200.0,1850.0,2300.0,2300.0,1250.0,1250.0,1350.0,2300.0,1875.0,,1250.0,1400.0,1395.0,1395.0,1250.0,1600.0,1400.0,1400.0,2100.0,1400.0,1650.0,1475.0,1400.0,1300.0,2000.0,1800.0,1550.0,2000.0,2300.0,1650.0,1650.0,2500.0,2500.0,2500.0,2200.0,1395.0,2100.0,1350.0,1295.0,2150.0,,1800.0,1800.0,1875.0,2200.0,2850.0,2700.0,1475.0,1475.0,1400.0,1750.0,1475.0,1500.0,1475.0,1475.0,1500.0,2400.0,2400.0,2400.0,2400.0,1700.0,1400.0,1750.0,2150.0,2500.0,2500.0,3000.0,2400.0,2100.0,2000.0,1799.0,3000.0,1450.0,1900.0,2500.0,2400.0,2400.0,2690.0,2600.0,2800.0,2750.0,3385.0,3200.0,3000.0,2400.0,1600.0,2200.0,2650.0,2650.0,1650.0,2800.0,1550.0,1550.0,1550.0,2885.0,1900.0,1700.0,1900.0,2100.0,3300.0,2700.0,,2800.0,2800.0,2999.0,2999.0,2799.0,2699.0,2800.0,3300.0,2999.0
Staten Island,Staten Island,borough,1800.0,1050.0,1050.0,1050.0,2000.0,2350.0,2400.0,1200.0,1200.0,1200.0,2400.0,2400.0,2400.0,1850.0,1850.0,1850.0,1650.0,1450.0,2000.0,1800.0,1500.0,1700.0,1700.0,3000.0,1600.0,1600.0,2300.0,1700.0,1550.0,1400.0,1400.0,1350.0,1395.0,1500.0,1700.0,1840.0,1840.0,1840.0,2270.0,2200.0,1325.0,1300.0,1300.0,1295.0,2100.0,1175.0,1175.0,1200.0,1300.0,1455.0,1800.0,1650.0,1700.0,1600.0,1600.0,1800.0,1750.0,1575.0,1695.0,1700.0,1550.0,1600.0,1500.0,1500.0,1500.0,1650.0,1750.0,1900.0,1755.0,1650.0,1800.0,1869.0,1950.0,1950.0,2000.0,1950.0,2000.0,2015.0,2050.0,2000.0,2000.0,1950.0,1900.0,1950.0,1900.0,1935.0,1899.0,1900.0,2000.0,2050.0,1995.0,2000.0,1800.0,1875.0,1900.0,1950.0,1850.0,1850.0,1850.0,1832.0,1832.0,1887.0,1950.0,2025.0,2050.0,1900.0,1950.0,1865.0,1865.0,1856.0,1890.0,1875.0,2100.0,2050.0,2000.0,2035.0,2200.0,2200.0,2200.0,1990.0,1952.0,1998.0,2150.0,1800.0,1833.0,1875.0,1900.0,1787.0,1850.0,1950.0,1950.0,2200.0,1995.0,1895.0,1845.0,1800.0,1877.0,1800.0,1800.0,1950.0,2000.0,2075.0,2000.0,2070.0,2050.0,1900.0,1900.0,1950.0,1950.0,1950.0,2075.0,2200.0,2300.0,2200.0,2200.0,1950.0,2095.0,2175.0,2200.0,2200.0,2100.0,2000.0,1899.0,2000.0,2075.0,2050.0,2200.0,2255.0,2595.0,2500.0,2500.0,2500.0,2700.0,2700.0,2550.0,2700.0,2850.0,2750.0,2700.0,2395.0,2450.0,2750.0,2825.0,2800.0,2750.0,3125.0,3000.0,3000.0,3000.0,3200.0,3300.0,3300.0,2850.0,2890.0,2850.0,3265.0,3250.0,3300.0
Stuyvesant Town/PCV,Manhattan,neighborhood,3200.0,3200.0,2725.0,2725.0,2800.0,2855.0,3200.0,3770.0,3200.0,3200.0,3200.0,3305.0,3305.0,3407.0,3407.0,3407.0,3407.0,3407.0,3407.0,3424.0,3424.0,3787.0,3955.0,3647.0,3817.0,3555.0,3490.0,3705.0,3630.0,3620.0,3599.0,4090.0,3835.0,3720.0,3898.0,3850.0,3900.0,3591.0,3359.0,2965.0,2965.0,2965.0,4430.0,4430.0,2965.0,4035.0,4035.0,3299.0,3317.0,3475.0,3673.0,3866.0,3774.0,3562.0,3513.0,3641.0,3549.0,3421.0,3210.0,3500.0,3427.0,3324.0,4070.0,4282.0,3732.0,3575.0,3690.0,3729.0,3788.0,3744.0,3756.0,3658.0,3948.0,3944.0,4252.0,4259.0,4075.0,4014.0,4480.0,4278.0,4195.0,4185.0,4045.0,3879.0,4065.0,3845.0,4002.0,4112.0,4103.0,4270.0,4227.0,4314.0,4664.0,4610.0,4250.0,4620.0,4186.0,4186.0,3790.0,3828.0,3837.0,3804.0,3899.0,3984.0,3792.0,4052.0,3700.0,3774.0,4137.0,3689.0,3729.0,3887.0,3910.0,3805.0,3865.0,3880.0,3918.0,3880.0,3885.0,3642.0,3957.0,4131.0,3970.0,4070.0,3951.0,3991.0,3945.0,3614.0,3456.0,3842.0,3815.0,3872.0,4313.0,3720.0,3720.0,3502.0,3452.0,3508.0,3955.0,3895.0,4070.0,4435.0,4603.0,4685.0,4834.0,4694.0,5022.0,5202.0,5357.0,5510.0,5415.0,4909.0,4649.0,4769.0,4919.0,5242.0,4909.0,5155.0,4924.0,5339.0,5595.0,6125.0,5339.0,5957.0,4995.0,5190.0,4880.0,5022.0,5487.0,4836.0,5275.0,5257.0,5587.0,5062.0,5427.0,4980.0,5062.0,5047.0,5035.0,5172.0,5240.0,5364.0,5232.0,5432.0,5876.0,5693.0,5817.0,5524.0,5441.0,5549.0,6099.0,5346.0,5553.0,5966.0,5622.0,6099.0,6569.0,6799.0
Sunnyside,Queens,neighborhood,1485.0,1475.0,1500.0,1550.0,1450.0,1400.0,1450.0,1470.0,1475.0,1450.0,1445.0,1445.0,1445.0,1445.0,1400.0,1475.0,1450.0,1550.0,1550.0,1595.0,1450.0,1450.0,1500.0,1595.0,1600.0,1650.0,1675.0,1650.0,1650.0,1700.0,1675.0,1650.0,1500.0,1600.0,1550.0,1500.0,1550.0,1595.0,1595.0,1650.0,1675.0,1800.0,1675.0,1700.0,1775.0,1700.0,1700.0,1750.0,1750.0,1800.0,1850.0,1850.0,1850.0,1875.0,1875.0,1800.0,1800.0,1849.0,1850.0,1900.0,1895.0,1850.0,1800.0,1875.0,1950.0,1950.0,2000.0,2025.0,2000.0,2099.0,2050.0,2000.0,2000.0,2000.0,2000.0,1975.0,1950.0,1950.0,1975.0,2050.0,2050.0,2000.0,2000.0,1975.0,2000.0,1975.0,1950.0,1950.0,2000.0,2000.0,2000.0,2000.0,1971.0,2000.0,1975.0,2000.0,1975.0,1950.0,2000.0,2050.0,2000.0,2000.0,2000.0,2000.0,2000.0,1925.0,1975.0,1995.0,1950.0,1950.0,1975.0,2000.0,1950.0,1955.0,1995.0,2050.0,2095.0,2100.0,2050.0,2075.0,2000.0,2050.0,2100.0,2100.0,2100.0,2100.0,2000.0,2000.0,2000.0,1950.0,1847.0,1847.0,1850.0,1800.0,1800.0,1800.0,1775.0,1800.0,1900.0,1900.0,1950.0,2075.0,2055.0,2050.0,2100.0,2195.0,2100.0,2123.0,2385.0,2150.0,2300.0,2400.0,2300.0,2270.0,2200.0,2440.0,2200.0,2350.0,2400.0,2309.0,2460.0,2457.0,2412.0,2800.0,2800.0,2495.0,2495.0,2500.0,2350.0,2400.0,2450.0,2400.0,2695.0,2720.0,2800.0,2552.0,2500.0,2500.0,2450.0,2500.0,2550.0,2550.0,2650.0,2550.0,2600.0,2600.0,2745.0,2795.0,2800.0,2884.0,2900.0,2895.0,2800.0,2800.0,2700.0,2800.0,2950.0,3000.0
Sunset Park,Brooklyn,neighborhood,1500.0,1450.0,1400.0,1350.0,1450.0,1450.0,1400.0,1450.0,1450.0,1600.0,1450.0,1300.0,1075.0,1500.0,1700.0,1500.0,1500.0,1500.0,1500.0,1450.0,1350.0,1500.0,1375.0,1500.0,1700.0,1600.0,1600.0,1400.0,1700.0,1600.0,1695.0,1695.0,1850.0,1725.0,1700.0,1700.0,1500.0,1450.0,1700.0,1600.0,1800.0,1900.0,1900.0,1886.0,1900.0,1850.0,1700.0,1750.0,1500.0,1500.0,1750.0,1800.0,1850.0,1850.0,1875.0,1850.0,1850.0,1825.0,1850.0,1900.0,1850.0,1899.0,1900.0,1950.0,2000.0,1995.0,1900.0,1875.0,1850.0,2000.0,1900.0,2100.0,2000.0,2000.0,2000.0,2000.0,2095.0,2200.0,2000.0,2100.0,2000.0,2000.0,2000.0,1960.0,1960.0,1950.0,2000.0,2000.0,2000.0,2100.0,2200.0,2100.0,2050.0,2000.0,1999.0,2000.0,2000.0,2000.0,1995.0,1995.0,2154.0,2200.0,2200.0,2000.0,2000.0,1995.0,2000.0,1950.0,2000.0,1900.0,2000.0,2000.0,2100.0,2190.0,2150.0,2120.0,2000.0,2099.0,2100.0,2100.0,2100.0,2108.0,2100.0,2073.0,2099.0,2000.0,2100.0,2050.0,1950.0,1900.0,1900.0,1900.0,1850.0,1800.0,1800.0,1895.0,2000.0,1950.0,2000.0,1999.0,2095.0,2000.0,1950.0,2000.0,2000.0,2000.0,2099.0,2300.0,2400.0,2400.0,2400.0,2400.0,2350.0,2400.0,2390.0,2200.0,2290.0,2499.0,2500.0,2450.0,2450.0,2400.0,2450.0,2475.0,2450.0,2400.0,2300.0,2500.0,2500.0,2500.0,2500.0,2400.0,2400.0,2400.0,2625.0,2509.0,2500.0,2600.0,2600.0,2450.0,2700.0,2550.0,2650.0,2500.0,2650.0,2700.0,2750.0,2900.0,2800.0,2875.0,2800.0,2800.0,2700.0,2895.0,2800.0,2800.0,2900.0,2800.0
Throgs Neck,Bronx,neighborhood,2100.0,2100.0,2100.0,1800.0,1800.0,2100.0,2100.0,2100.0,1975.0,1975.0,1975.0,1975.0,1975.0,1975.0,1975.0,1975.0,,,,,,1900.0,1850.0,1180.0,1100.0,1100.0,1100.0,1100.0,,2275.0,2275.0,2275.0,2275.0,2250.0,2250.0,,1500.0,1500.0,1200.0,1150.0,1150.0,2250.0,2250.0,1750.0,1750.0,2350.0,,,,1200.0,950.0,1150.0,1150.0,1150.0,1125.0,985.0,985.0,975.0,1800.0,1400.0,1300.0,1250.0,1850.0,2200.0,2200.0,2499.0,2495.0,1950.0,1900.0,1800.0,1900.0,1800.0,1900.0,1395.0,2095.0,2000.0,1325.0,1545.0,2100.0,1350.0,1750.0,1800.0,1750.0,2300.0,1650.0,1650.0,1600.0,1600.0,1750.0,2000.0,1950.0,1800.0,2150.0,1950.0,1850.0,1800.0,2100.0,1850.0,1850.0,1850.0,1625.0,2500.0,2400.0,2400.0,2200.0,2150.0,2150.0,2150.0,1500.0,1500.0,2100.0,2000.0,2000.0,1850.0,1950.0,1950.0,1950.0,2100.0,2200.0,2399.0,2200.0,2388.0,2300.0,2300.0,2200.0,2300.0,2150.0,1850.0,2400.0,2400.0,2450.0,1800.0,2200.0,2195.0,2350.0,2100.0,2200.0,2200.0,2250.0,2300.0,2300.0,2300.0,3000.0,2300.0,2095.0,2200.0,2200.0,2295.0,2300.0,2550.0,2798.0,2798.0,2550.0,2500.0,2500.0,2400.0,2500.0,2500.0,2500.0,2650.0,2200.0,2000.0,2500.0,2250.0,2250.0,2500.0,2500.0,2500.0,2400.0,2580.0,2495.0,2495.0,2900.0,2000.0,2599.0,2450.0,2500.0,2600.0,2600.0,2700.0,2600.0,2500.0,3027.0,2950.0,3464.0,3000.0,3000.0,2100.0,2650.0,2800.0,2800.0,2850.0,2750.0,3200.0,2576.0,3200.0,3200.0,2850.0
Tremont,Bronx,neighborhood,,,,,,,,,,,,,,,,,,1800.0,1800.0,,,,,,,,,,,1600.0,1600.0,,,950.0,1199.0,1199.0,1250.0,1250.0,1250.0,1250.0,1250.0,1175.0,1600.0,1175.0,1300.0,1250.0,1000.0,1000.0,1425.0,1425.0,1425.0,1350.0,1195.0,1195.0,1400.0,1400.0,1300.0,1300.0,1275.0,1275.0,1350.0,1350.0,1350.0,1550.0,1400.0,1450.0,1750.0,1750.0,1300.0,1300.0,1350.0,1350.0,1525.0,1550.0,1400.0,1450.0,1600.0,1650.0,1550.0,1699.0,1585.0,1550.0,1595.0,1400.0,1415.0,1350.0,1375.0,1500.0,1600.0,1775.0,1749.0,1725.0,1700.0,1700.0,1700.0,1600.0,1700.0,1850.0,1800.0,1550.0,1800.0,1650.0,1525.0,1899.0,1999.0,1800.0,1750.0,1700.0,1600.0,1800.0,1550.0,1650.0,1650.0,1650.0,1800.0,1800.0,1799.0,1595.0,1550.0,1750.0,1849.0,1815.0,1899.0,1676.0,1649.0,1738.0,1700.0,1650.0,1649.0,1676.0,1624.0,1624.0,1550.0,1550.0,1625.0,1624.0,1495.0,1595.0,1750.0,1738.0,1738.0,1950.0,1795.0,1700.0,1650.0,2000.0,1900.0,1695.0,1795.0,1734.0,1895.0,1750.0,1750.0,1750.0,1725.0,1725.0,1750.0,1895.0,1850.0,1800.0,2424.0,2455.0,1895.0,2181.0,1961.0,1900.0,1895.0,2000.0,2270.0,1800.0,1950.0,1795.0,1795.0,2150.0,2599.0,2375.0,2350.0,2999.0,2999.0,2350.0,2350.0,1883.0,1703.0,2500.0,2800.0,2600.0,2350.0,2599.0,2795.0,2785.0,2999.0,2550.0,2499.0,1950.0,1875.0,2495.0,2215.0,1850.0
Tribeca,Manhattan,neighborhood,7000.0,6995.0,6995.0,6500.0,6500.0,6800.0,6000.0,4950.0,5500.0,5500.0,5600.0,6000.0,7600.0,7395.0,6795.0,6000.0,6500.0,6595.0,7000.0,6595.0,7000.0,6395.0,6900.0,6995.0,8200.0,8500.0,6895.0,7000.0,8200.0,7500.0,8000.0,7200.0,7000.0,6995.0,7000.0,6995.0,7000.0,6615.0,6000.0,6800.0,7200.0,7000.0,7000.0,6500.0,6395.0,5795.0,6000.0,6000.0,5750.0,5375.0,5595.0,5895.0,6295.0,6500.0,6195.0,6595.0,6395.0,6495.0,6260.0,6700.0,6105.0,7500.0,7500.0,6550.0,7000.0,7400.0,6750.0,6495.0,6600.0,6495.0,6295.0,5960.0,5995.0,6504.0,6750.0,7425.0,8300.0,8700.0,8700.0,8000.0,8850.0,8500.0,8100.0,8200.0,8200.0,7800.0,7995.0,8200.0,7875.0,7650.0,8500.0,6295.0,6100.0,5995.0,5800.0,6650.0,6650.0,6500.0,6600.0,6600.0,6300.0,6895.0,6750.0,7200.0,7295.0,7000.0,7286.0,6995.0,6695.0,6000.0,6300.0,6490.0,6500.0,6595.0,7200.0,6800.0,7750.0,7700.0,7500.0,7800.0,7400.0,7500.0,7300.0,6553.0,6995.0,7390.0,7200.0,7195.0,6895.0,7000.0,6895.0,6650.0,6425.0,5795.0,5200.0,5260.0,5895.0,6500.0,6495.0,6695.0,8195.0,7550.0,7500.0,8595.0,7595.0,7080.0,7700.0,8150.0,8720.0,9150.0,9975.0,10000.0,10000.0,11000.0,11995.0,10000.0,9500.0,9500.0,8625.0,8500.0,8450.0,9000.0,9463.0,9995.0,9950.0,9500.0,9750.0,8500.0,8450.0,7886.0,8000.0,8000.0,9000.0,10000.0,10500.0,10000.0,10000.0,9999.0,9995.0,8900.0,7895.0,7576.0,7550.0,8400.0,8950.0,11250.0,11999.0,10050.0,8395.0,7895.0,7995.0,7995.0,7477.0,7606.0,7750.0,7792.0,8395.0,8750.0
University Heights,Bronx,neighborhood,1100.0,1100.0,1195.0,1195.0,1175.0,1195.0,1195.0,,,,,1050.0,1399.0,900.0,875.0,,1050.0,1100.0,1125.0,1125.0,1100.0,1125.0,1100.0,1075.0,1200.0,1175.0,1200.0,1125.0,1225.0,1150.0,1250.0,1185.0,1150.0,1125.0,1199.0,1199.0,1200.0,1175.0,1200.0,1199.0,1160.0,1199.0,1155.0,1225.0,1225.0,1195.0,1150.0,1150.0,1199.0,1300.0,1300.0,1235.0,1185.0,1300.0,1275.0,1300.0,1300.0,1361.0,1300.0,1325.0,1299.0,1250.0,1300.0,1300.0,1400.0,1355.0,1335.0,1299.0,1550.0,1350.0,1350.0,1300.0,1350.0,1400.0,1400.0,1350.0,1400.0,1500.0,1600.0,1400.0,1549.0,1600.0,1450.0,1450.0,1550.0,1625.0,1650.0,1650.0,1645.0,1550.0,1500.0,1550.0,1550.0,1550.0,1600.0,1600.0,1600.0,1500.0,1600.0,1600.0,1695.0,1750.0,1900.0,1800.0,1699.0,1691.0,1599.0,1599.0,1557.0,1750.0,1800.0,1800.0,1799.0,1799.0,1670.0,1700.0,1799.0,1799.0,1700.0,1699.0,1749.0,1699.0,1799.0,1616.0,1649.0,1650.0,1650.0,1650.0,1649.0,1799.0,1699.0,1776.0,1650.0,1692.0,1795.0,1692.0,1899.0,1899.0,1700.0,1849.0,1699.0,1650.0,1650.0,1799.0,1750.0,1660.0,1750.0,1849.0,1849.0,1800.0,1975.0,1949.0,1699.0,1650.0,1900.0,1924.0,1999.0,2195.0,2200.0,2195.0,2100.0,2350.0,2150.0,2200.0,1999.0,2050.0,2225.0,1895.0,2050.0,1995.0,1900.0,1835.0,2000.0,1999.0,2499.0,2499.0,2000.0,2000.0,1900.0,1895.0,1950.0,1850.0,1800.0,1875.0,2000.0,1950.0,2275.0,2150.0,2095.0,2200.0,2150.0,2099.0,2090.0,2049.0,2000.0,2000.0,2000.0,1975.0
Upper East Side,Manhattan,neighborhood,2450.0,2450.0,2395.0,2500.0,2595.0,2595.0,2600.0,2500.0,2650.0,2600.0,2500.0,2550.0,2525.0,2500.0,2475.0,2500.0,2600.0,2695.0,2650.0,2695.0,2800.0,2850.0,2800.0,2770.0,2700.0,2695.0,2695.0,2695.0,2690.0,2700.0,2700.0,2750.0,2900.0,2850.0,2900.0,2900.0,2800.0,2895.0,2800.0,2795.0,2750.0,2750.0,2750.0,2850.0,2950.0,2900.0,2850.0,2800.0,2750.0,2800.0,2750.0,2750.0,2725.0,2750.0,2765.0,2750.0,2800.0,2800.0,2875.0,2900.0,2900.0,2975.0,2950.0,2900.0,2995.0,3000.0,2995.0,3050.0,3199.0,3095.0,2950.0,3000.0,3000.0,3000.0,3095.0,3000.0,3050.0,3025.0,2995.0,2950.0,2995.0,2975.0,2995.0,3000.0,2975.0,2995.0,2950.0,2984.0,2950.0,2975.0,2950.0,2900.0,2999.0,2950.0,2995.0,2995.0,2950.0,2900.0,2850.0,2825.0,2850.0,2900.0,2950.0,2900.0,2900.0,2995.0,2995.0,3000.0,3000.0,3000.0,2995.0,2995.0,3000.0,3050.0,3050.0,2995.0,3000.0,3100.0,3250.0,3306.0,3300.0,3300.0,3300.0,3235.0,3150.0,3000.0,2887.0,2750.0,2650.0,2550.0,2495.0,2450.0,2400.0,2400.0,2395.0,2395.0,2400.0,2450.0,2550.0,2700.0,2850.0,2900.0,3199.0,3300.0,3400.0,3500.0,3400.0,3400.0,3500.0,3500.0,3550.0,3750.0,3795.0,3800.0,3825.0,3800.0,3895.0,3995.0,3950.0,3900.0,3995.0,4000.0,4000.0,3980.0,4000.0,3995.0,3999.0,3900.0,3900.0,3995.0,3940.0,3900.0,3950.0,3924.0,3995.0,3950.0,3965.0,3900.0,3950.0,3910.0,3920.0,3995.0,3950.0,4000.0,4150.0,4250.0,4200.0,4250.0,4200.0,4150.0,4240.0,4400.0,4395.0,4300.0,4250.0,4350.0,4395.0,4425.0
Upper West Side,Manhattan,neighborhood,2900.0,2824.0,2750.0,2800.0,2750.0,2800.0,2800.0,2900.0,3000.0,3095.0,3100.0,3000.0,2995.0,3000.0,2995.0,3000.0,3030.0,3100.0,3150.0,3250.0,3350.0,3415.0,3500.0,3570.0,3400.0,3300.0,3195.0,3200.0,3250.0,3300.0,3345.0,3400.0,3500.0,3450.0,3495.0,3445.0,3380.0,3400.0,3350.0,3295.0,3315.0,3250.0,3250.0,3350.0,3377.0,3395.0,3275.0,3300.0,3295.0,3250.0,3300.0,3345.0,3395.0,3375.0,3300.0,3300.0,3400.0,3420.0,3395.0,3350.0,3350.0,3400.0,3350.0,3395.0,3400.0,3495.0,3500.0,3590.0,3740.0,3700.0,3700.0,3600.0,3500.0,3500.0,3500.0,3500.0,3500.0,3495.0,3500.0,3500.0,3500.0,3499.0,3400.0,3395.0,3323.0,3320.0,3300.0,3300.0,3354.0,3395.0,3395.0,3400.0,3425.0,3425.0,3387.0,3380.0,3365.0,3300.0,3250.0,3295.0,3350.0,3395.0,3395.0,3395.0,3450.0,3415.0,3400.0,3450.0,3400.0,3350.0,3400.0,3500.0,3500.0,3495.0,3425.0,3595.0,3733.0,3736.0,3700.0,3650.0,3699.0,3690.0,3678.0,3518.0,3414.0,3300.0,3221.0,3100.0,2971.0,2870.0,2800.0,2824.0,2799.0,2814.0,2795.0,2825.0,2995.0,3000.0,3195.0,3300.0,3595.0,3650.0,3800.0,3995.0,4000.0,4050.0,4103.0,4242.0,4269.0,4250.0,4500.0,4500.0,4595.0,4580.0,4500.0,4489.0,4495.0,4450.0,4495.0,4500.0,4495.0,4486.0,4500.0,4500.0,4550.0,4500.0,4375.0,4200.0,4295.0,4300.0,4425.0,4500.0,4535.0,4446.0,4495.0,4415.0,4439.0,4450.0,4295.0,4466.0,4475.0,4400.0,4500.0,4500.0,4500.0,4750.0,4800.0,4895.0,4850.0,4865.0,4817.0,4918.0,4900.0,4900.0,4750.0,4895.0,4800.0,4800.0
Utopia,Queens,neighborhood,,,,,1300.0,1300.0,,,1700.0,1700.0,,,,,,2600.0,2600.0,1000.0,2600.0,2600.0,2600.0,2600.0,2600.0,2600.0,2600.0,2600.0,2600.0,2600.0,2600.0,2600.0,2600.0,2600.0,2600.0,2600.0,2600.0,2600.0,2600.0,2600.0,2600.0,2600.0,2600.0,2600.0,2600.0,2600.0,2600.0,2600.0,2600.0,2600.0,2600.0,2600.0,2600.0,2600.0,2600.0,2600.0,2600.0,2600.0,2250.0,2250.0,2250.0,2250.0,2250.0,2250.0,2250.0,2250.0,2250.0,,2250.0,2250.0,2250.0,2250.0,2250.0,2250.0,2250.0,1600.0,1600.0,1700.0,1600.0,1550.0,1550.0,,,,,,2250.0,,,,,,,4500.0,3599.0,4199.0,3900.0,3600.0,,,,,,,3600.0,3600.0,3600.0,3600.0,3600.0,,,4700.0,3600.0,3600.0,3600.0,,,2350.0,,,,,,,,,,,,,,4500.0,4500.0,4500.0,,,,,5000.0,,,,,,,,,,3900.0,3900.0,3900.0,,,2700.0,4100.0,,3900.0,3900.0,7000.0,6995.0,6995.0,6750.0,6500.0,,,5300.0,5290.0,5000.0,5000.0,5000.0,5000.0,5000.0,,,,,,5495.0,5200.0,,,,,,,,6500.0,6500.0,,,4500.0,5495.0,,4450.0,2850.0,2850.0,,,2500.0,2500.0
Van Nest,Bronx,neighborhood,,,1550.0,1495.0,,1150.0,1150.0,1500.0,1400.0,1400.0,1600.0,1400.0,1600.0,1600.0,1600.0,,,1395.0,1395.0,1100.0,1100.0,999.0,999.0,1100.0,1100.0,,,,,,,,,,,,,,,,2575.0,2575.0,,,,,1300.0,1300.0,,,,,,,,1095.0,995.0,1275.0,1225.0,1225.0,900.0,975.0,1100.0,1250.0,1175.0,1200.0,1175.0,1400.0,1350.0,1350.0,1050.0,1200.0,1990.0,1950.0,1600.0,1600.0,1300.0,1300.0,1300.0,1300.0,1300.0,1350.0,1200.0,1400.0,1800.0,1999.0,1999.0,1850.0,1850.0,1450.0,1956.0,3800.0,2000.0,2150.0,1400.0,1750.0,2100.0,2100.0,2100.0,1950.0,1950.0,1450.0,1450.0,1400.0,1350.0,1350.0,1350.0,1450.0,1500.0,1375.0,2250.0,2250.0,2100.0,2200.0,2000.0,2100.0,1650.0,2000.0,2200.0,2200.0,2200.0,2200.0,,,2450.0,2450.0,2450.0,2450.0,2300.0,1400.0,1400.0,1599.0,1200.0,1860.0,1860.0,1475.0,1750.0,1475.0,2450.0,2500.0,1575.0,1575.0,1450.0,2250.0,2200.0,2200.0,2300.0,2425.0,2425.0,2800.0,2200.0,1600.0,2000.0,1750.0,1900.0,1900.0,2200.0,2000.0,2000.0,3000.0,3000.0,2700.0,2300.0,2999.0,2300.0,2300.0,2600.0,1575.0,1695.0,2850.0,2750.0,1395.0,,1800.0,1800.0,3850.0,2900.0,3450.0,3450.0,3350.0,3350.0,3200.0,1812.0,3464.0,2000.0,3000.0,1750.0,2491.0,2491.0,2800.0,3000.0,2616.0,2616.0,2995.0,2995.0,2800.0,3099.0,2950.0
Wakefield,Bronx,neighborhood,,,,,,,,,,,,,,,1200.0,1200.0,1200.0,1100.0,1100.0,1000.0,1000.0,1000.0,1050.0,1050.0,1050.0,1050.0,1200.0,1200.0,1000.0,1000.0,1375.0,1375.0,1000.0,950.0,950.0,900.0,900.0,900.0,900.0,1000.0,1650.0,975.0,1250.0,,1500.0,1300.0,1300.0,1150.0,1150.0,1000.0,1150.0,1220.0,1220.0,1220.0,1450.0,1400.0,1400.0,1400.0,1300.0,1300.0,1200.0,1250.0,1400.0,1400.0,1375.0,1250.0,1250.0,1300.0,1300.0,1400.0,1400.0,1400.0,1450.0,1450.0,1450.0,1450.0,1450.0,1450.0,1450.0,1450.0,1450.0,1450.0,1395.0,1400.0,1400.0,1500.0,1700.0,1550.0,1450.0,1500.0,1475.0,1450.0,1500.0,1475.0,1350.0,1450.0,1450.0,1400.0,1400.0,1500.0,1450.0,1900.0,1900.0,1700.0,1900.0,2100.0,1500.0,1700.0,2200.0,2199.0,1899.0,1800.0,1700.0,1900.0,1900.0,2000.0,2199.0,2150.0,1900.0,2200.0,2175.0,1998.0,1850.0,1900.0,1800.0,2100.0,2200.0,2200.0,1750.0,1600.0,1700.0,1800.0,1900.0,1900.0,1650.0,1800.0,1850.0,2099.0,2000.0,1700.0,1800.0,1900.0,1950.0,1995.0,1650.0,2000.0,2050.0,2050.0,2500.0,2300.0,2100.0,2200.0,2000.0,2300.0,2450.0,2125.0,2195.0,2175.0,2125.0,1725.0,1600.0,2400.0,1850.0,1650.0,1775.0,2300.0,2495.0,2095.0,1695.0,2100.0,3464.0,2762.0,2350.0,3850.0,3400.0,2300.0,3150.0,3150.0,3195.0,3195.0,1750.0,2200.0,2200.0,2500.0,2380.0,2200.0,2200.0,3000.0,2075.0,2075.0,2600.0,2600.0,2600.0,2400.0,2100.0,1950.0,2350.0,1995.0
Washington Heights,Manhattan,neighborhood,1550.0,1525.0,1595.0,1599.0,1650.0,1700.0,1750.0,1847.0,1800.0,1785.0,1750.0,1800.0,1847.0,1785.0,1650.0,1700.0,1700.0,1650.0,1650.0,1800.0,1750.0,1700.0,1847.0,1847.0,1850.0,1795.0,1900.0,1745.0,1750.0,1750.0,1750.0,1750.0,1800.0,1825.0,1800.0,1800.0,1800.0,1800.0,1795.0,1800.0,1800.0,1850.0,1800.0,1800.0,1800.0,1750.0,1750.0,1750.0,1750.0,1750.0,1795.0,1800.0,1800.0,1850.0,1850.0,1950.0,2000.0,1975.0,1999.0,1995.0,1950.0,1950.0,1950.0,2000.0,2095.0,2000.0,2050.0,2110.0,2100.0,2050.0,2000.0,2100.0,2100.0,2100.0,2195.0,2200.0,2200.0,2150.0,2195.0,2200.0,2195.0,2195.0,2195.0,2250.0,2250.0,2187.0,2195.0,2200.0,2195.0,2200.0,2292.0,2200.0,2145.0,2200.0,2100.0,2150.0,2150.0,2150.0,2150.0,2150.0,2195.0,2200.0,2292.0,2275.0,2225.0,2250.0,2225.0,2195.0,2175.0,2200.0,2195.0,2195.0,2270.0,2300.0,2266.0,2250.0,2250.0,2200.0,2195.0,2200.0,2210.0,2275.0,2300.0,2300.0,2200.0,2275.0,2291.0,2250.0,2150.0,2150.0,2145.0,2005.0,2000.0,2049.0,2025.0,2100.0,2100.0,2150.0,2200.0,2200.0,2200.0,2200.0,2195.0,2250.0,2250.0,2285.0,2270.0,2300.0,2400.0,2550.0,2500.0,2450.0,2450.0,2495.0,2414.0,2400.0,2405.0,2500.0,2500.0,2595.0,2575.0,2650.0,2600.0,2600.0,2575.0,2575.0,2552.0,2575.0,2583.0,2606.0,2600.0,2650.0,2700.0,2765.0,2750.0,2695.0,2695.0,2695.0,2650.0,2650.0,2700.0,2700.0,2695.0,2750.0,2850.0,2950.0,2963.0,2900.0,2800.0,2850.0,2800.0,2895.0,2800.0,2800.0,2977.0,2895.0,2900.0,3000.0
West Harlem,Manhattan,neighborhood,2000.0,2000.0,1900.0,2000.0,2000.0,2000.0,2000.0,2000.0,1850.0,2000.0,1990.0,2000.0,2000.0,2000.0,2550.0,2550.0,2495.0,2000.0,2600.0,2600.0,2500.0,2500.0,1900.0,2050.0,1800.0,2150.0,2150.0,2300.0,1900.0,1900.0,1900.0,2400.0,1725.0,1900.0,1950.0,1900.0,1900.0,1999.0,2100.0,2000.0,2000.0,1900.0,2000.0,2150.0,1900.0,2100.0,2095.0,2100.0,2200.0,2200.0,2100.0,2100.0,2100.0,2100.0,2200.0,2100.0,2450.0,2300.0,2250.0,2400.0,2300.0,2200.0,2100.0,2200.0,2300.0,2595.0,2400.0,2400.0,2500.0,2300.0,2200.0,2200.0,2000.0,2100.0,2100.0,2295.0,2350.0,2700.0,2800.0,2600.0,2850.0,3000.0,2850.0,2600.0,2375.0,2530.0,2600.0,2500.0,2600.0,2600.0,2800.0,2695.0,2500.0,2600.0,2599.0,2600.0,2600.0,2625.0,2575.0,2775.0,2750.0,2650.0,2700.0,2895.0,2475.0,2500.0,2450.0,2383.0,2400.0,2400.0,2500.0,2600.0,2600.0,2695.0,2700.0,2600.0,2495.0,2495.0,2650.0,2500.0,2495.0,2650.0,2600.0,2600.0,2635.0,2600.0,2588.0,2400.0,2399.0,2295.0,2300.0,2295.0,2295.0,2295.0,2287.0,2300.0,2350.0,2295.0,2300.0,2475.0,2400.0,2300.0,2400.0,2400.0,2635.0,2600.0,2550.0,2650.0,2995.0,2800.0,3000.0,2850.0,2700.0,2600.0,2590.0,2600.0,2650.0,3000.0,3100.0,3200.0,3200.0,3050.0,3195.0,2900.0,2850.0,2775.0,2800.0,2900.0,2875.0,2995.0,3000.0,3100.0,2850.0,3500.0,3350.0,3100.0,2950.0,2850.0,2725.0,2900.0,2900.0,2900.0,2900.0,3216.0,3500.0,3750.0,3775.0,3775.0,3678.0,3650.0,3600.0,3595.0,3595.0,3595.0,3595.0,4000.0,4000.0,3800.0
West Village,Manhattan,neighborhood,3295.0,3400.0,3200.0,3200.0,3050.0,3100.0,3195.0,2995.0,3300.0,3395.0,3250.0,3500.0,3300.0,3300.0,3200.0,3495.0,3350.0,3500.0,3500.0,3500.0,3500.0,3400.0,3495.0,3400.0,3395.0,3500.0,3500.0,3500.0,3595.0,3495.0,3500.0,3500.0,3500.0,3500.0,3500.0,3700.0,3500.0,3395.0,3450.0,3500.0,3650.0,3600.0,3500.0,3595.0,3650.0,3650.0,3600.0,3775.0,3600.0,3695.0,3695.0,3700.0,3700.0,3695.0,3775.0,3680.0,3695.0,3695.0,3700.0,3750.0,3800.0,3795.0,3700.0,3700.0,3880.0,3895.0,3750.0,3850.0,3950.0,4000.0,3995.0,4000.0,3995.0,4000.0,3995.0,3995.0,3995.0,4000.0,3995.0,3995.0,3890.0,3700.0,3650.0,3600.0,3600.0,3695.0,3680.0,3750.0,3850.0,3900.0,3895.0,3825.0,3750.0,3600.0,3500.0,3503.0,3670.0,3750.0,3750.0,3795.0,3875.0,3850.0,3850.0,3950.0,3915.0,3850.0,3995.0,3950.0,3900.0,3850.0,3852.0,3995.0,4150.0,4295.0,4225.0,4000.0,4100.0,4250.0,4195.0,4250.0,4242.0,4200.0,4200.0,4250.0,3900.0,3895.0,3695.0,3500.0,3325.0,3300.0,3213.0,3120.0,3000.0,3095.0,3025.0,3245.0,3300.0,3400.0,3850.0,4195.0,4350.0,4575.0,4470.0,4495.0,4495.0,4554.0,4650.0,4850.0,5000.0,4900.0,5195.0,5000.0,5000.0,5250.0,4995.0,4995.0,5200.0,5195.0,5000.0,5000.0,5250.0,5195.0,5000.0,4920.0,4963.0,4913.0,5000.0,5100.0,5400.0,5500.0,5500.0,5695.0,5495.0,5250.0,5000.0,5000.0,5150.0,5250.0,5250.0,5295.0,5995.0,5775.0,5495.0,5495.0,5495.0,5695.0,5950.0,5795.0,5612.0,5500.0,5600.0,5495.0,5495.0,5495.0,5695.0,5800.0,6200.0,6300.0
Westchester Village,Bronx,neighborhood,1275.0,1275.0,1300.0,,,,,,,,,,,,,,,1400.0,1400.0,1475.0,,,,1200.0,1100.0,1000.0,1200.0,,,,,,,1400.0,1350.0,,,,1491.0,1490.0,,,1300.0,1300.0,1490.0,,,,,,1100.0,,,,1400.0,,1200.0,1400.0,1400.0,1400.0,1100.0,1200.0,1200.0,1200.0,1850.0,1200.0,1775.0,1749.0,1100.0,1100.0,1400.0,2500.0,3000.0,1800.0,1275.0,1800.0,1800.0,1300.0,1300.0,1300.0,1300.0,1100.0,1300.0,1100.0,1100.0,1500.0,1775.0,1900.0,1900.0,1900.0,1600.0,1500.0,1250.0,1799.0,1750.0,1400.0,1400.0,2000.0,2650.0,1900.0,1600.0,1450.0,1450.0,1495.0,1850.0,1550.0,1800.0,1825.0,1750.0,1750.0,1700.0,1595.0,1700.0,1850.0,1525.0,1725.0,1725.0,1725.0,1650.0,1800.0,1750.0,1750.0,1900.0,1800.0,1800.0,1700.0,1700.0,1358.0,1700.0,2000.0,1550.0,2549.0,2350.0,2350.0,2500.0,1900.0,1900.0,2100.0,2100.0,2100.0,,2659.0,2659.0,1752.0,2300.0,1850.0,1850.0,1250.0,,1550.0,1550.0,2100.0,1775.0,1775.0,2400.0,1478.0,2100.0,2184.0,1539.0,1539.0,2250.0,2000.0,1800.0,,2000.0,2400.0,1500.0,1600.0,1550.0,2500.0,2400.0,2484.0,1925.0,1620.0,1493.0,2550.0,2000.0,2000.0,1950.0,1600.0,1650.0,1795.0,1600.0,1595.0,1575.0,,3075.0,1700.0,1750.0,1650.0,3454.0,,3100.0,1725.0,2400.0,1650.0,,
Whitestone,Queens,neighborhood,1775.0,1800.0,1800.0,1800.0,1800.0,,,,,,,1350.0,1350.0,1800.0,1900.0,1900.0,2000.0,2000.0,1900.0,1900.0,1800.0,1900.0,1900.0,1700.0,1800.0,1700.0,1800.0,1750.0,1750.0,1900.0,1900.0,1850.0,1900.0,1700.0,1900.0,1975.0,1900.0,1900.0,1900.0,2000.0,2000.0,1900.0,1900.0,1700.0,1700.0,1900.0,2400.0,2800.0,2400.0,1800.0,1800.0,1850.0,2000.0,1900.0,1900.0,2000.0,2300.0,2300.0,2300.0,2300.0,2200.0,2000.0,2000.0,2250.0,2250.0,1900.0,2000.0,2000.0,1900.0,2500.0,2375.0,2200.0,2300.0,2400.0,2300.0,2200.0,2400.0,2300.0,2495.0,2350.0,2300.0,2550.0,2300.0,2200.0,2350.0,2300.0,2350.0,2100.0,2100.0,2300.0,2300.0,2695.0,2150.0,1800.0,2099.0,2050.0,2200.0,2000.0,1795.0,2300.0,2300.0,2100.0,2200.0,2200.0,2100.0,2250.0,2100.0,2375.0,2375.0,2300.0,2300.0,2300.0,2300.0,2200.0,2300.0,2300.0,2300.0,2200.0,2350.0,2350.0,2300.0,2200.0,2000.0,2450.0,2800.0,2550.0,2400.0,2200.0,2550.0,2450.0,2200.0,2250.0,2400.0,2300.0,2500.0,2800.0,5995.0,2100.0,2200.0,2600.0,2699.0,2500.0,2500.0,1800.0,2300.0,2100.0,2200.0,2200.0,2750.0,2850.0,2600.0,2500.0,2700.0,2600.0,2600.0,2498.0,2350.0,2550.0,2500.0,2500.0,2600.0,2500.0,2500.0,2700.0,1950.0,2400.0,2300.0,2600.0,2600.0,2700.0,2800.0,3100.0,2400.0,2800.0,2000.0,2850.0,2900.0,2700.0,2600.0,2300.0,2495.0,2600.0,2800.0,3000.0,2850.0,1850.0,3100.0,4360.0,2600.0,3000.0,3200.0,3100.0,3000.0,3300.0,3300.0,3500.0,3250.0,3150.0
Williamsbridge,Bronx,neighborhood,,,,,,,,,,,,,,,1050.0,950.0,850.0,,,1500.0,1500.0,,1300.0,,,,1300.0,1300.0,1250.0,1250.0,1250.0,900.0,900.0,,,1500.0,1500.0,1150.0,1150.0,1500.0,,975.0,975.0,975.0,975.0,1150.0,925.0,1300.0,1395.0,1475.0,950.0,950.0,950.0,1400.0,1300.0,1000.0,1100.0,1325.0,1300.0,1199.0,1250.0,1250.0,1350.0,1300.0,1349.0,1350.0,1350.0,1599.0,1500.0,1600.0,1600.0,1450.0,1550.0,1325.0,1350.0,1595.0,1600.0,1625.0,1650.0,1350.0,1350.0,1350.0,1525.0,1650.0,1800.0,2250.0,2100.0,1499.0,1650.0,1945.0,2100.0,1200.0,1400.0,1400.0,1795.0,1795.0,1425.0,1425.0,1550.0,1500.0,1650.0,1675.0,1700.0,1700.0,1595.0,2150.0,2100.0,2150.0,1750.0,2100.0,1500.0,1600.0,1797.0,1750.0,1900.0,1825.0,2000.0,2150.0,1825.0,1625.0,1675.0,1750.0,2300.0,1650.0,1650.0,2050.0,2050.0,1875.0,1900.0,1850.0,1850.0,1750.0,1750.0,1950.0,1950.0,1600.0,1650.0,1800.0,1975.0,1850.0,1650.0,1750.0,2350.0,1945.0,1500.0,1795.0,1800.0,1800.0,1800.0,2150.0,2200.0,2395.0,2395.0,1825.0,1750.0,2249.0,2249.0,2395.0,2300.0,2300.0,1795.0,2300.0,2300.0,2400.0,1925.0,2500.0,2900.0,2950.0,2600.0,2596.0,2600.0,2600.0,2495.0,2600.0,2600.0,2500.0,2450.0,2900.0,2300.0,2023.0,1995.0,2899.0,3000.0,3050.0,3100.0,1950.0,1850.0,2169.0,2169.0,2169.0,2284.0,2284.0,2169.0,2284.0,2284.0,2284.0,2650.0,2816.0
Williamsburg,Brooklyn,neighborhood,2500.0,2500.0,2500.0,2676.0,2676.0,2700.0,2750.0,2800.0,2850.0,3000.0,2800.0,2700.0,2750.0,2800.0,2800.0,2935.0,2900.0,2950.0,2995.0,2900.0,3000.0,3000.0,3000.0,2850.0,3095.0,3000.0,3000.0,3100.0,3195.0,3250.0,3200.0,3100.0,3400.0,3350.0,3350.0,3450.0,3369.0,3400.0,3250.0,3100.0,3200.0,3300.0,3250.0,3200.0,3200.0,3150.0,3150.0,3000.0,3002.0,3000.0,3047.0,3200.0,3200.0,3300.0,3295.0,3250.0,3200.0,3185.0,3052.0,3051.0,3050.0,3051.0,3100.0,3195.0,3200.0,3320.0,3395.0,3300.0,3250.0,3250.0,3250.0,3300.0,3300.0,3200.0,3140.0,3100.0,3200.0,3200.0,3200.0,3200.0,3195.0,3195.0,3120.0,3070.0,3025.0,3000.0,3060.0,3099.0,3145.0,3199.0,3138.0,3115.0,3100.0,3000.0,2995.0,2900.0,2950.0,2956.0,2977.0,3000.0,3000.0,3023.0,3019.0,3069.0,3000.0,3000.0,2900.0,2850.0,2990.0,3000.0,3000.0,3200.0,3296.0,3300.0,3450.0,3480.0,3500.0,3520.0,3662.0,3688.0,3500.0,3500.0,3500.0,3524.0,3379.0,3208.0,3199.0,3000.0,2900.0,2800.0,2800.0,2800.0,2769.0,2800.0,2800.0,2799.0,2840.0,3000.0,3400.0,3700.0,3850.0,3654.0,3790.0,3900.0,3800.0,3975.0,3850.0,4000.0,4099.0,4395.0,4498.0,4388.0,4495.0,4400.0,4200.0,4250.0,4250.0,4250.0,4350.0,4395.0,4495.0,4500.0,4500.0,4500.0,4533.0,4500.0,4300.0,4200.0,4302.0,4300.0,4399.0,4500.0,4500.0,4531.0,4595.0,4500.0,4500.0,4499.0,4448.0,4448.0,4450.0,4500.0,4500.0,4500.0,4807.0,4905.0,4900.0,4950.0,4930.0,4795.0,4750.0,4750.0,4750.0,4700.0,4725.0,4800.0,4950.0,4999.0
Windsor Terrace,Brooklyn,neighborhood,1500.0,1600.0,1600.0,1600.0,1800.0,1800.0,1850.0,2100.0,2100.0,2000.0,1850.0,1900.0,2200.0,2100.0,1900.0,2000.0,2000.0,2000.0,2300.0,1900.0,2400.0,2100.0,2400.0,2300.0,2400.0,2400.0,2400.0,2300.0,2200.0,2100.0,2100.0,2100.0,2000.0,2500.0,2300.0,1995.0,2200.0,2100.0,2200.0,2200.0,2300.0,2400.0,2200.0,2500.0,2800.0,2577.0,2500.0,2450.0,2200.0,2200.0,2400.0,2400.0,2400.0,2500.0,2300.0,2300.0,2350.0,2350.0,2450.0,2600.0,2700.0,2700.0,2660.0,2800.0,2800.0,2900.0,2900.0,2700.0,2650.0,2600.0,2500.0,2450.0,2450.0,2495.0,2500.0,2500.0,2500.0,2500.0,2450.0,2500.0,2625.0,2600.0,2600.0,2700.0,2600.0,2500.0,2400.0,2600.0,2700.0,2850.0,2750.0,2600.0,2600.0,2500.0,2400.0,2450.0,2495.0,2495.0,2475.0,2600.0,2500.0,2500.0,2600.0,2681.0,2650.0,2635.0,2700.0,2600.0,2600.0,2750.0,2700.0,2700.0,2725.0,2850.0,2500.0,2800.0,2790.0,2800.0,2450.0,2495.0,2500.0,2500.0,2700.0,2700.0,2500.0,2800.0,2717.0,2727.0,2683.0,2590.0,2750.0,2795.0,2750.0,2500.0,2700.0,2500.0,2290.0,2400.0,2650.0,2400.0,2700.0,2500.0,3000.0,2675.0,2600.0,2900.0,3050.0,3400.0,3000.0,3000.0,3400.0,3750.0,3327.0,3050.0,2790.0,2950.0,3000.0,3150.0,3100.0,3400.0,3478.0,3395.0,3495.0,3200.0,3300.0,3150.0,3000.0,3200.0,3000.0,3000.0,3150.0,3650.0,3650.0,3680.0,3595.0,3505.0,3675.0,3975.0,3835.0,3800.0,3800.0,3800.0,3822.0,3850.0,3850.0,4500.0,4695.0,4272.0,3995.0,3895.0,3555.0,3695.0,3395.0,4000.0,3900.0,4100.0,4100.0,4000.0
Woodhaven,Queens,neighborhood,,,,,,1700.0,1700.0,,,,,,1650.0,1650.0,1650.0,1650.0,1650.0,1650.0,1450.0,1450.0,1450.0,1350.0,1450.0,1450.0,1450.0,1450.0,1450.0,1450.0,1450.0,1000.0,1300.0,1300.0,1400.0,1400.0,1400.0,1300.0,1300.0,1300.0,1000.0,1450.0,1450.0,1600.0,1600.0,1450.0,22000.0,22000.0,1450.0,1450.0,1450.0,1295.0,1750.0,1750.0,1600.0,1450.0,1400.0,1575.0,1450.0,1575.0,1575.0,1575.0,1700.0,1700.0,1700.0,1675.0,1735.0,1725.0,1850.0,1600.0,1650.0,1900.0,1650.0,1750.0,1750.0,1700.0,1600.0,1700.0,1995.0,1650.0,1700.0,1795.0,2100.0,1700.0,1600.0,1600.0,1550.0,1850.0,1750.0,1995.0,2100.0,1750.0,1700.0,1800.0,2000.0,1995.0,1995.0,2275.0,2100.0,2200.0,2175.0,1700.0,1600.0,1725.0,1950.0,1850.0,1725.0,1850.0,1850.0,1742.0,1750.0,1950.0,1750.0,1800.0,1750.0,1725.0,1700.0,1788.0,1788.0,1745.0,1800.0,1725.0,1800.0,1850.0,1800.0,1800.0,1850.0,1773.0,1951.0,2100.0,2000.0,1900.0,1850.0,2100.0,2000.0,1725.0,1700.0,2350.0,2350.0,1700.0,1695.0,1700.0,2350.0,2200.0,2300.0,2350.0,2250.0,2300.0,2300.0,2326.0,2450.0,2000.0,2400.0,2050.0,1950.0,2250.0,2350.0,2250.0,2200.0,2150.0,2500.0,2499.0,2400.0,2100.0,2100.0,2200.0,2700.0,2700.0,2700.0,2500.0,2499.0,2300.0,2500.0,2500.0,2675.0,2800.0,2850.0,2800.0,2700.0,2450.0,2350.0,2200.0,2250.0,2300.0,2150.0,2100.0,2150.0,2495.0,2200.0,2250.0,2500.0,2105.0,2050.0,2300.0,2550.0,2200.0,2500.0,2750.0,2800.0,2500.0
Woodlawn,Bronx,neighborhood,,,,,,,,,,,,,1650.0,1650.0,1650.0,1650.0,1650.0,1650.0,1650.0,1400.0,1400.0,1400.0,1400.0,1400.0,1400.0,,,,,1600.0,1600.0,,1875.0,,,,1200.0,1200.0,1200.0,,,,,,,,,,,1400.0,1400.0,,,,,1450.0,,,,,1075.0,1800.0,1075.0,1075.0,,,,,,,1400.0,1475.0,1450.0,1450.0,1409.0,1410.0,1650.0,1725.0,1193.0,1400.0,1525.0,1525.0,1250.0,1400.0,1850.0,1775.0,1750.0,1525.0,1550.0,1600.0,1600.0,1600.0,1600.0,1900.0,1875.0,1800.0,,1525.0,1525.0,1850.0,1600.0,1600.0,,2000.0,2100.0,1600.0,1975.0,2000.0,1850.0,1799.0,1600.0,1650.0,1650.0,1750.0,1500.0,1600.0,1800.0,2300.0,2100.0,2000.0,1700.0,1925.0,1699.0,1635.0,1615.0,1675.0,2300.0,1700.0,1600.0,1500.0,1699.0,1800.0,1800.0,1700.0,1600.0,1600.0,1599.0,1599.0,1499.0,2000.0,2000.0,1999.0,1595.0,2000.0,2100.0,2100.0,2150.0,2000.0,2000.0,2150.0,2100.0,2975.0,2900.0,2499.0,1799.0,1799.0,2100.0,2500.0,1800.0,1999.0,1599.0,,1800.0,2175.0,2450.0,2450.0,,1860.0,1650.0,1895.0,,,,3300.0,3300.0,3200.0,1755.0,1755.0,2300.0,2350.0,2249.0,2249.0,2249.0,3100.0,3500.0,3085.0,2900.0,1895.0,,,,,,,,,,3695.0
Woodside,Queens,neighborhood,1700.0,1595.0,1200.0,2000.0,1525.0,1525.0,1500.0,1800.0,1700.0,1700.0,1250.0,1550.0,1550.0,1650.0,1550.0,1550.0,1550.0,1450.0,1550.0,1550.0,1550.0,1550.0,1550.0,1550.0,1550.0,1550.0,1550.0,1550.0,1550.0,1600.0,1600.0,1550.0,1550.0,1550.0,1550.0,1550.0,1550.0,1550.0,1550.0,1550.0,1545.0,1500.0,1800.0,1800.0,1700.0,1600.0,1600.0,1600.0,1545.0,1600.0,1750.0,1750.0,1750.0,1875.0,1875.0,1750.0,1975.0,1975.0,2000.0,1850.0,1950.0,2150.0,1925.0,1800.0,1900.0,1900.0,1900.0,1825.0,1850.0,1700.0,1825.0,1900.0,1900.0,1825.0,1800.0,1825.0,1800.0,2000.0,1950.0,1900.0,1800.0,1850.0,1975.0,2100.0,1875.0,1900.0,1900.0,1900.0,1800.0,2100.0,2100.0,2150.0,2100.0,2000.0,1950.0,1985.0,1800.0,1795.0,1950.0,1995.0,2000.0,2050.0,1775.0,1850.0,2000.0,1900.0,1975.0,1945.0,1900.0,1850.0,1900.0,1900.0,1995.0,2000.0,2050.0,2100.0,2000.0,1890.0,2050.0,2150.0,1900.0,2100.0,2250.0,2190.0,1875.0,2000.0,1995.0,2095.0,1900.0,1895.0,1875.0,1850.0,1799.0,1790.0,1750.0,1750.0,1800.0,1857.0,1850.0,1900.0,2050.0,2000.0,1899.0,1875.0,2000.0,1950.0,2100.0,1900.0,1925.0,2100.0,2300.0,2250.0,2400.0,2350.0,2225.0,2300.0,2300.0,2400.0,2300.0,2500.0,2500.0,2725.0,2625.0,2825.0,2750.0,2975.0,3050.0,2800.0,2800.0,2775.0,2775.0,2628.0,2700.0,2781.0,3065.0,3065.0,3050.0,3000.0,2900.0,2950.0,3000.0,2950.0,2999.0,3100.0,2945.0,3095.0,3100.0,3075.0,3071.0,3150.0,3100.0,3050.0,3200.0,3150.0,3250.0,3150.0,3125.0,3175.0
Woodstock,Bronx,neighborhood,,1500.0,1500.0,1500.0,1500.0,1500.0,,,,1850.0,1850.0,1850.0,,,,,,,838.0,838.0,,1100.0,1100.0,1100.0,1100.0,1200.0,1200.0,1200.0,1200.0,1200.0,1200.0,900.0,1200.0,1700.0,900.0,900.0,1100.0,1100.0,1200.0,1200.0,925.0,925.0,925.0,1101.0,1101.0,1102.0,1102.0,1200.0,950.0,925.0,925.0,1250.0,1275.0,1250.0,1275.0,1110.0,975.0,1000.0,1000.0,1025.0,950.0,1025.0,1025.0,1050.0,1100.0,1292.0,1000.0,1450.0,1450.0,1600.0,1500.0,1500.0,1500.0,1700.0,1750.0,1800.0,1500.0,1500.0,1650.0,1800.0,1800.0,1800.0,1675.0,1675.0,2000.0,1650.0,2200.0,2000.0,1650.0,1875.0,2000.0,1650.0,1650.0,1787.0,1790.0,2025.0,1788.0,2000.0,2100.0,2250.0,2225.0,1950.0,1650.0,1650.0,2300.0,1950.0,1787.0,1787.0,2199.0,2000.0,1950.0,1950.0,1700.0,1800.0,1645.0,1825.0,1875.0,1869.0,1950.0,1775.0,1950.0,1950.0,1950.0,1875.0,1600.0,1950.0,1945.0,1950.0,1600.0,1778.0,1950.0,1950.0,1850.0,1600.0,1375.0,1600.0,2022.0,1800.0,1800.0,1800.0,1950.0,1800.0,1850.0,1800.0,1900.0,1900.0,1950.0,2000.0,1950.0,1950.0,1950.0,1650.0,1625.0,1800.0,2100.0,2000.0,1925.0,2100.0,2300.0,2500.0,2150.0,2550.0,2500.0,2700.0,2350.0,2500.0,2600.0,2650.0,2595.0,2595.0,3199.0,1964.0,2125.0,2300.0,2725.0,2300.0,2000.0,2050.0,1750.0,1750.0,1900.0,1900.0,2001.0,2600.0,2850.0,2000.0,2400.0,2200.0,1995.0,1795.0,2600.0,2600.0,2000.0,1800.0,1800.0,1950.0,2000.0,2500.0
